source,target,weight,parent_user,source_is_replier,target_is_replier
0227_282,Her0zJ,1,trump,True,False
0227_282,MidwesternMarx,1,trump,True,False
0227_282,Patriot_556,1,trump,True,False
0521melinda,canva,1,trump,True,False
0sm0s1z,SenateDems,1,aoc,True,False
0xIran0,grok,1,trump,True,True
0xKiddo_,realsimon,1,trump,True,False
0xbluewiz,CoinVoyagir,1,trump,True,False
0xprimdotfun,JimHunt1464487,5,aoc,True,False
0xprimdotfun,teapartytempest,5,aoc,True,True
117_unknown,SenateDems,1,aoc,True,False
17_warrior71216,NotOpCue,1,trump,True,False
17_warrior71216,battleofever,1,trump,True,False
17_warrior71216,saras76,2,trump,True,False
1975_rpc,ChiDowner,1,aoc,True,True
1975_rpc,saras76,1,aoc,True,False
1987jiajialiu,PatentlyFalseto,1,trump,True,False
1987jiajialiu,aaqibali90,1,trump,True,False
1987jiajialiu,captainb4321,1,trump,True,False
1987jiajialiu,huiyiqr1,1,trump,True,False
19_babayaga,DianaforQueens,1,aoc,True,False
1BomBrasiIeiro,TheSportPigeon,1,aoc,True,True
1fritobandito,Lara_maga47,1,trump,True,False
1fritobandito,RapidResponse47,2,trump,True,False
1fritobandito,Real_JaredMarsh,1,trump,True,False
1fritobandito,bjnno1,1,trump,True,False
1fritobandito,holly__heart,1,trump,True,False
1fritobandito,jonesville,1,trump,True,False
1fritobandito,thisisceasar,1,trump,True,False
1fritobandito,xdownfall7x,1,trump,True,False
2006HD74,SenateDems,1,aoc,True,False
23BlueLightning,BeYourOwnSpark,1,trump,True,False
240z_racer,JohnnyVomits,1,aoc,True,False
240z_racer,mehdirhasan,1,aoc,True,False
262MEBrown,SenateDems,1,aoc,True,False
2EnigMat,SenateDems,1,aoc,True,False
35roper,Bubblebathgirl,1,aoc,True,True
35roper,minischlubbins,1,aoc,True,False
3JoursDuHaxxor,SenateDems,1,aoc,True,False
3JoursDuHaxxor,springej971,1,aoc,True,False
3OrGVX6Ui8z6Uhb,qmap17eri,1,trump,True,False
4the1nthesky,SenateDems,1,aoc,True,False
4wheelin10,krassenstein,1,trump,True,False
5CYBJo3cm50uSxR,allgoodmight,1,trump,True,True
5CYBJo3cm50uSxR,grok,1,trump,True,True
65Robyn19,DianaforQueens,1,aoc,True,False
65Robyn19,WAServers,1,aoc,True,True
65_dkm,JeffFord14,1,aoc,True,False
6hspmfbzqt,freemanslady,1,trump,True,False
718GS4,Ericmaga28,1,trump,True,False
73hsehce,harryjsisson,1,aoc,True,False
777davis,DianaforQueens,1,aoc,True,False
77_willl,Jessica22259200,1,aoc,True,False
77_willl,TimRunsHisMouth,1,aoc,True,False
7edzyy,F15Synch,1,trump,True,False
8161xavier,EricLDaugh,1,trump,True,False
8161xavier,Sarah4Trump_,1,trump,True,False
8161xavier,TRUMP_ARMY_,1,trump,True,False
8161xavier,robertsepehr,1,trump,True,False
86_DEMOCRATS,DOGE,1,aoc,True,False
86_DEMOCRATS,FoxNews,1,aoc,True,False
A1911SHOOTER,DianaforQueens,1,aoc,True,False
A23456789O,DianaforQueens,1,aoc,True,False
AAkorede71250,HadenWilson8,1,trump,True,False
AAndreason51130,catturd2,1,aoc,True,False
ABIndependence,CAgovernor,1,trump,True,False
ABIndependence,JamieBonkiewicz,1,trump,True,False
ABIndependence,MarkJCarney,1,trump,True,False
ABIndependence,UN,1,trump,True,False
ABIndependence,mazemoore,1,trump,True,False
AC_Un1ty,DravenNoctis,2,trump,True,False
AC_Un1ty,Mallard93,1,trump,True,False
AC_Un1ty,cimagee1,1,trump,True,False
AC_Un1ty,grok,1,trump,True,True
AEddie83,DjOmegaMVP,2,aoc,True,False
AEddie83,HonestApeNYC,2,aoc,True,True
AFreeBornManUSA,NotaRINO2025,1,trump,True,False
AI77265458,ChrisNyamabo,3,aoc,True,False
AI77265458,MyNetConsultant,2,aoc,True,True
AI77265458,falconofstorms,1,aoc,True,True
AJStinson3,LauraLoomer,1,aoc,True,False
AJ_Macintosh82,DianaforQueens,1,aoc,True,False
ALS715SR,SusieDevine14,1,trump,True,True
AMathuin82045,Crazymoments01,1,trump,True,False
AMathuin82045,FBI,1,trump,True,False
AMathuin82045,FBIDirectorKash,1,trump,True,False
AMathuin82045,NSAGov,1,trump,True,False
AMathuin82045,SecretService,1,trump,True,False
AMathuin82045,Truth_En_Love,1,trump,True,False
AMeshelle2017,ChristinaHambu4,1,trump,True,True
AMeshelle2017,collins1_c,1,trump,True,False
AMeshelle2017,teamgood71,1,trump,True,False
ANDYEOLI,FloridaMC242,1,aoc,True,False
ANDYEOLI,livingfree76,1,aoc,True,False
AOCFarted,DianaforQueens,1,aoc,True,False
AOWM59,SenSchumer,1,aoc,True,False
AOWM59,SenateDems,1,aoc,True,False
APVideoStream,SenateDems,1,aoc,True,False
AR_Vox,LeftismForU,1,aoc,True,False
AR_Vox,Patriotic4Jesus,1,aoc,True,False
ASRatchett,F15Synch,1,trump,True,False
ASluttyFlower,SenateDems,1,aoc,True,False
AV8R2022,BillyBaldwin,1,trump,True,False
AYE7A41,ChristinaHambu4,1,trump,True,True
AYE7A41,MusicTheDope,1,trump,True,True
Aadil634,GiveRep,1,trump,True,False
Ab3undisputed,PJBrizzle,1,trump,True,False
Ab3undisputed,_iamblakeley,1,trump,True,False
AbeLester7,DianaforQueens,1,aoc,True,False
Abmgiants,still_boneless,1,trump,True,False
Achilles440617,netanyahu,1,trump,True,False
AcpMcnPwP,Yemenimilitary,1,trump,True,False
AcpMcnPwP,s_m_marandi,1,trump,True,False
Ad4ut0,OlavoAguiar2,1,trump,True,False
AdDumra,kjy6894,1,trump,True,False
AdairNewto21160,barrontrump_05,1,trump,True,False
AdamVonTrapp1,SenateDems,1,aoc,True,False
Adrenaline458,TLM_JD,1,trump,True,False
AepokkVulpex,LoudmouthR,2,aoc,True,True
AepokkVulpex,_AlexHirsch,2,aoc,True,False
Aflirtygramma23,NotAvgLiberal,2,trump,True,False
AfterMath49311,SenateDems,1,aoc,True,False
AimeeMcbride23,GbBocanegrea,1,trump,True,False
AimeeMcbride23,TRUMP_ARMY_,1,trump,True,False
AjApplegoose,LauraLoomer,1,aoc,True,False
AjApplegoose,dane001,1,aoc,True,False
AlYanes7,Digvija73188705,1,aoc,True,False
AlYanes7,popsdaman3,1,aoc,True,True
Aladepepe,atrupar,1,aoc,True,False
Alaiye47,michelle_ogno,1,trump,True,False
AlanCarlso26841,krassenstein,1,trump,True,False
AlanKielan,F15Synch,1,trump,True,False
AlbertPinc13136,SenateDems,1,aoc,True,False
AlbieAlDem96253,EviLFranchise,1,aoc,True,False
AlbieAlDem96253,GOP,1,aoc,True,False
AlbieAlDem96253,SenateDems,3,aoc,True,False
AlbieAlDem96253,SkyeDawn,3,aoc,True,True
AlexGar75889493,CrazyVibes_1,1,trump,True,False
AlexGar75889493,Cryspell62,1,trump,True,False
AlexRosputko,MarinaMedvin,1,trump,True,False
AlfredArzuaga1,alamnavsa,12,trump,True,True
AllenGYork,X_StrayDog1,1,aoc,True,False
Alva5915George,likaluca,1,aoc,True,False
AmatoLisa40725,SenateDems,1,aoc,True,False
America13342254,SenSchumer,1,aoc,True,False
America13342254,SenateDems,1,aoc,True,False
American070707,0hour1,1,aoc,True,False
AmericanMargo,GoldenWing2022,2,aoc,True,True
AmericanMisty,SenateDems,1,aoc,True,False
AmericanShugun,DianaforQueens,1,aoc,True,False
AmyFord1489236,SenateDems,1,aoc,True,False
AmyNMooshka,abbylang0307,1,trump,True,False
AmyNMooshka,mattvanswol,1,trump,True,False
AmyhonganB,ScottCrisp51777,2,trump,True,False
AnAussieGuy2,BrilliantJ976,1,trump,True,False
AnAussieGuy2,WHLeavitt,1,trump,True,False
Anais0777,TheDemocrats,1,aoc,True,False
AndrewProk11345,AxeToGrind99,1,trump,True,False
Andros_le_wuff,BillyBaldwin,1,trump,True,False
Angel999995,GovMikeHuckabee,1,trump,True,False
Angel999995,h0m0fortruth,1,trump,True,False
Angel999995,iamshalabhkumar,1,trump,True,False
AngelNasexs,krassenstein,1,trump,True,False
AngelaM39710892,DianaforQueens,1,aoc,True,False
Angelac09265550,JamieBonkiewicz,1,trump,True,False
AngryMrBungle,DianaforQueens,1,aoc,True,False
AngryMrBungle,leftcoastindy,1,aoc,True,True
Anihaya1948,Diana16588,1,trump,True,False
Ann1312576,F15Synch,1,trump,True,False
AnnHugh52577250,DianaforQueens,1,aoc,True,False
AnnRother,robertsepehr,1,trump,True,False
AnnaMiller12269,NelsonFran59,1,trump,True,False
AnnaPeterka3,harryjsisson,1,aoc,True,False
Anne13279693,mrakun05,1,trump,True,False
Anokataxs,DianaforQueens,2,aoc,True,False
Ant_Liberty,SenateDems,1,aoc,True,False
AntghaniStan,sayitnspinit,1,aoc,True,False
Anthony007,SenateDems,1,aoc,True,False
Anthony007,stannny71,1,aoc,True,False
Anthony60134800,Dom4200,1,trump,True,False
AnthonyGeorg81,SenSchumer,1,aoc,True,False
AnthonyGeorg81,SenateDems,1,aoc,True,False
AnthonyMess1976,saras76,1,trump,True,False
AntiWoke17,DianaforQueens,1,aoc,True,False
Antimulla261,4HumanUnity,1,trump,True,False
Anton73101725,POTUS,1,trump,True,False
Apom881,DianaforQueens,1,aoc,True,False
AptChang,LauraLoomer,1,aoc,True,False
AraujoFretes,GloboNews,1,trump,True,False
AraujoFretes,UOL,1,trump,True,False
ArbitrationLC,0xSerik,1,trump,True,False
ArbitrationLC,LaunchOnPump,1,trump,True,True
ArbitrationLC,X,1,trump,True,False
ArbitrationLC,grok,1,trump,True,True
ArianeDolgah,ChidiNwatu,1,trump,True,False
Armingbears,TheDemocrats,1,aoc,True,False
ArsenicJulep,RickBoyd1171,1,aoc,True,False
AscensionRex,NekoSilverleaf,1,aoc,True,True
AshtenJade,ped,1,trump,True,False
AsianD0ll655299,RyanShead,1,trump,True,False
AsianD0ll655299,krassenstein,1,trump,True,False
AskPerplexity,coffeecup72222,1,trump,True,False
AskPerplexity,cyberbatman_,1,trump,True,False
AskPerplexity,grok,1,trump,True,True
Ass_Milk_,JamieBonkiewicz,1,trump,True,False
AsssUhl,krassenstein,1,trump,True,False
AtheistFree25,ValentinaForUSA,1,aoc,True,False
Aubert37420,POTUS,1,trump,True,False
AustinMatees,elsa_howell1,1,trump,True,False
AvailableLite9,NiNaWintz,1,aoc,True,False
Avaxsfrhb168,BarristerEliza,1,trump,True,False
Averagedood1,Bushra1Shaikh,1,trump,True,False
Averagedood1,fluffmoney,1,trump,True,False
Aydn44988980,JackPosobiec,1,trump,True,False
Aydn44988980,mattvanswol,1,trump,True,False
Aye_Alec_Aye,SenateDems,1,aoc,True,False
AzzaraBob,Eman856,1,trump,True,False
AzzaraBob,johnpavlovitz,1,trump,True,False
AzzaraBob,krassenstein,1,trump,True,False
B1302562115,DianaforQueens,1,aoc,True,False
BIG_GREAT01,grok,1,trump,True,True
BJebski,SenSchumer,1,aoc,True,False
BJebski,SenateDems,1,aoc,True,False
BL4DERU77ER,GMONEYPEPE,1,trump,True,False
BL4DERU77ER,RochelleAz,1,trump,True,False
BL4DERU77ER,Ronxyz00,1,trump,True,False
BLUKeizer,robmailhouseprv,1,trump,True,False
BMonkjuice,AdamLowisz,1,trump,True,False
BMonkjuice,DanaWayne316,1,trump,True,False
BMonkjuice,Lara_maga47,2,trump,True,False
BMonkjuice,RapidResponse47,2,trump,True,False
BRENDAunicorn,ICEgov,2,trump,True,False
BS1611968,s_m_marandi,1,trump,True,False
BShaw28086,SenateDems,1,aoc,True,False
BTCLandlord3,Slothspepe,1,trump,True,False
BVPforAmerica,shella_64173,1,trump,True,False
Babak222b,yYh8x5hC6nxh1Wd,1,trump,True,False
Bacon_Puddin,DianaforQueens,1,aoc,True,False
BadMCPO,LauraLoomer,1,aoc,True,False
Bad_Muthafker,DianaforQueens,1,aoc,True,False
Badsaltydog,CommunityNotes,1,aoc,True,False
Badsaltydog,gafhdkdbv,1,aoc,True,True
BaileyRobins3,SenateDems,1,aoc,True,False
BallzRHarry,JamieBonkiewicz,1,trump,True,False
BananaNoRice,SenateDems,1,aoc,True,False
Banksterbo123,SenSchumer,2,aoc,True,False
Banksterbo123,SenateDems,2,aoc,True,False
Barbara39398933,TheDemocrats,2,aoc,True,False
Barbara58138419,SenateDems,2,aoc,True,False
BarbaraPer91674,Dede_Watson,1,trump,True,False
BarkhurstT46231,originalmarkz,1,aoc,True,False
BarnickJason,DianaforQueens,1,aoc,True,False
BarnickJason,RelentlessLaman,1,aoc,True,True
BarryHaines11,TinktinkBackup,1,trump,True,False
BassoffBiba,NikkiRocky50413,2,trump,True,True
BassoffBiba,krassenstein,2,trump,True,False
Bayerjone88,grok,1,trump,True,True
BayonneJo,SenSchumer,1,aoc,True,False
BayonneJo,SenateDems,1,aoc,True,False
Bcamps__,SenateDems,1,aoc,True,False
BchKDH,SenateDems,1,aoc,True,False
BdallhR76706,grok,1,trump,True,True
BeBestNOW,_Firulita,1,aoc,True,True
BeBestNOW,realMaalouf,1,aoc,True,False
BeXDota,DaniMayakovski,1,trump,True,False
BeXDota,s_m_marandi,1,trump,True,False
BearsFan4Lyf3,SenateDems,1,aoc,True,False
Becky59818383,LScovern1982,1,trump,True,False
BedOfRoses,allgoodmight,1,trump,True,True
BedOfRoses,grok,1,trump,True,True
Bedeseame,BenDempsey18,1,aoc,True,False
Bedeseame,grok,1,aoc,True,True
BeerWithDinner,SenSchumer,1,aoc,True,False
BeerWithDinner,SenateDems,1,aoc,True,False
Beesglass,SenSchumer,1,aoc,True,False
Beesglass,SenateDems,1,aoc,True,False
Beguiled14evr,GuntherEagleman,1,aoc,True,False
Beguiled14evr,SenSchumer,1,aoc,True,False
Beguiled14evr,SenateDems,2,aoc,True,False
Beguiled14evr,TheDemocrats,1,aoc,True,False
BenBenbarnhill4,SenateDems,1,aoc,True,False
BethArgo,MayeH51586,1,trump,True,False
Betmoreee,0xSerik,1,trump,True,False
Betmoreee,LaunchOnPump,1,trump,True,True
Betmoreee,X,1,trump,True,False
Betmoreee,grok,1,trump,True,True
BidensMyGrandpa,mmpadellan,1,trump,True,False
BigBear00112187,Rollup_News,1,trump,True,True
BigBobArm71,RepAOC,1,aoc,True,False
BigBopper826484,SenateDems,1,aoc,True,False
Bigdaddy001sbak,SenSchumer,1,aoc,True,False
Bigdaddy001sbak,SenateDems,3,aoc,True,False
Bigdawg_89,SenateDems,1,aoc,True,False
Bill11634008,SenSchumer,1,aoc,True,False
Bill11634008,SenateDems,1,aoc,True,False
BillHoop5,SenateDems,1,aoc,True,False
BillRoth21,FrankDangelo23,1,trump,True,True
Binary_Data,Yemenimilitary,1,trump,True,False
BinoVp82,AbraCaDabsFest,1,trump,True,False
BirdsongSalli,SenSchumer,1,aoc,True,False
BirdsongSalli,SenateDems,1,aoc,True,False
BklynContractor,grok,1,trump,True,True
Blaine98035699,HouseDemocrats,1,trump,True,False
Blaine98035699,SenateDems,1,trump,True,False
BlakeSteph2785,LauraLoomer,2,aoc,True,False
BlakeSteph2785,ThatGuyChadL,1,aoc,True,False
BlancoNorm77905,ONE_LOVE_VEGAN8,1,trump,True,True
BlancoNorm77905,amber_grace1,1,trump,True,False
BlipSethika,MrPitbull07,1,trump,True,False
BlipSethika,SonofLiberty357,2,trump,True,False
BlipSethika,omvblackwells88,1,trump,True,False
BlipSethika,that1nerdshelby,1,trump,True,False
BlipSethika,theforevere4,1,trump,True,False
BlissByTheSea34,DianaforQueens,1,aoc,True,False
BlueCheck_No1,DianaforQueens,1,aoc,True,False
BluegrassPundit,SenateDems,1,aoc,True,False
Bmmoody,DianaforQueens,4,aoc,True,False
Bmmoody,existensil,2,aoc,True,True
Bmmoody,noXflyXzone,1,aoc,True,True
BnoFrzn19253,yoitsmitchy2026,2,aoc,True,False
BobJohn19566709,AnotherOne311,2,trump,True,False
BobJohn19566709,VPL2259,2,trump,True,True
BobJohn19566709,mattvanswol,2,trump,True,False
BobRowell1,JoeCitizen15,2,aoc,True,True
BobRowell1,KaizerNYC,2,aoc,True,True
BobRowell1,TheRealShaneEZ,2,aoc,True,True
BobbyParko,FFT1776,2,trump,True,False
BobbyParko,Loretta_L_Moon,1,trump,True,False
Bobby__Tyson,ValentinaForUSA,2,trump,True,False
BocaStevied,PeggyHunn,1,aoc,True,False
BokoChesterlite,imjdsharp,1,trump,True,False
BokoChesterlite,jimmy761995I,1,trump,True,False
BollandJon67944,TheBabyShopLB,1,trump,True,False
BonhesRC,SenateDems,1,aoc,True,False
BonnieJoe103,ArtCandee,1,trump,True,False
BonnieJoe103,ChristinaHambu4,1,trump,True,True
BonnieJoe103,krassenstein,1,trump,True,False
Boogabutts,Firekraker72,3,aoc,True,False
Boogabutts,FlzMichael,1,aoc,True,False
Boogabutts,MikaMacuk,1,aoc,True,True
Boogabutts,SenSchumer,2,aoc,True,False
Boogabutts,SenateDems,5,aoc,True,False
Boogabutts,elspuzad,1,aoc,True,True
Bookerwren1,DianaforQueens,1,aoc,True,False
BotzetLori37531,IAbhay_Pratap,1,trump,True,False
BouchardMJr,SenateDems,1,aoc,True,False
BradVic14,Annie21Williams,2,aoc,True,False
BrenMikii,GuntherEagleman,1,trump,True,False
Brenda13322,Eric__trump0_,1,trump,True,False
BrettAdams12,SenateDems,1,aoc,True,False
Brian03711176,DidDTrumpDie,1,trump,True,False
BrianHerker,F15Synch,1,trump,True,False
Brianjh0867,Acyn,2,aoc,True,False
Brianjh0867,CaroleB36109751,2,aoc,True,True
Brianjh0867,liberalpuppy,2,aoc,True,False
BriggieRhy18906,TrumpGirlOnFire,1,trump,True,False
BrineMccormick,SenateDems,1,aoc,True,False
BringTheLight6,ZannSuz,1,aoc,True,False
BristolTra55199,TexasStrong59,1,aoc,True,True
BrokeBlackIwyDC,Bosshead1996,1,trump,True,False
BrokeBlackIwyDC,LeyaFalcon,1,trump,True,False
BrokenStepford,SenateDems,1,aoc,True,False
BrooklynBlvd1,F15Synch,1,trump,True,False
BryanDublin2,Dan_bongino909,1,trump,True,False
BryanM956239,SenSchumer,1,aoc,True,False
BryanM956239,SenateDems,1,aoc,True,False
Bubblebathgirl,DianaforQueens,1,aoc,True,False
Bumperpunk,SenateDems,1,aoc,True,False
BurnerMcGee513,Nick11894,2,trump,True,True
BuskirkUsmc,CitizenCda,1,trump,True,False
Butterbeanqween,pavlenko_a5624,1,trump,True,False
BuzzzStryker,kevinnbass,1,aoc,True,False
ByerMichelle1,ScrollofTruthIF,1,aoc,True,False
ByteRaha46660,Fx1Jonny,1,trump,True,False
C4t_B0mb,ImJustXenon,1,aoc,True,True
C4t_B0mb,_AlexHirsch,1,aoc,True,False
CDDTReborn,SenateDems,1,aoc,True,False
CFrancies70646,AdrianaD_12,1,trump,True,False
CJDe4KHarris,TRUMP_ARMY_,2,trump,True,False
CJDe4KHarris,TheImmortal007,1,trump,True,False
CJLHR1,sarademers4,1,trump,True,False
CJackson10713,GodandCountryy,1,trump,True,False
CKQu666,JamieBonkiewicz,1,trump,True,False
CKQu666,grok,1,trump,True,True
COMM_NOTED,Double_Anarchy3,7,aoc,True,False
COMM_NOTED,GuntherEagleman,7,aoc,True,False
COMM_NOTED,Lilithsgrrl,6,aoc,True,True
COMM_NOTED,SenateDems,7,aoc,True,False
CQueezy,JayTC53,1,aoc,True,False
CQueezy,Peanuts_Pissed,1,aoc,True,False
CQueezy,ZioTURD,1,aoc,True,False
CRYPTOBOTIC,POTUS,1,trump,True,False
CRYPTOCEL00,Firekraker72,1,aoc,True,False
CRYPTOCEL00,SenateDems,2,aoc,True,False
CV_Dalcher,DonahueWhitney,1,aoc,True,False
CV_Dalcher,LairBear0102,1,aoc,True,True
CaboGirl61300,SenateDems,2,aoc,True,False
CaboGirl61300,TheDemocrats,2,aoc,True,False
Cactusflower62,FrankDangelo23,1,trump,True,True
Cagariniko,YouTubeより,1,trump,True,False
CaitSidhe78,SenateDems,1,aoc,True,False
CallieforTrump,SenateDems,1,aoc,True,False
CallmeAtl,Fishingin828,1,aoc,True,True
CallmeAtl,Rickyh24,1,aoc,True,False
CallmeAtl,joeyfresh04,1,aoc,True,False
CamiMixa,SenateDems,1,aoc,True,False
CanWeBeRealNow,BernieSanders,1,aoc,True,False
Canreadsome,ILA_NewsX,1,trump,True,False
Canreadsome,KenKiness,1,trump,True,True
CanuckKilljoy,rcal_1,1,aoc,True,False
CapitalHB,SenSchumer,1,aoc,True,False
CapitalHB,SenateDems,1,aoc,True,False
CaptainBird5,CAgovernor,1,trump,True,False
CaptainKelty,TRUMP_ARMY_,1,trump,True,False
CaptainKelty,TheImmortal007,1,trump,True,False
Carla35033462,FrankDangelo23,1,trump,True,True
CarlaLove4you,ChiefBoomBoom42,1,aoc,True,False
Carlwjoseph9,grok,1,trump,True,True
Carmen078215654,Pruthv_i_raj,1,trump,True,False
Carmen078215654,SandySaville2,2,trump,True,True
Carmen078215654,grok,1,trump,True,True
CarolJoyce24,SenateDems,1,aoc,True,False
CaroleB36109751,Acyn,4,aoc,True,False
CaroleB36109751,BoonJocks,1,aoc,True,False
CaroleB36109751,Brianjh0867,2,aoc,True,True
CaroleB36109751,NS_Neelotpal,1,aoc,True,False
CaroleB36109751,RealXBailey,1,aoc,True,True
CaroleB36109751,liberalpuppy,4,aoc,True,False
CarolynMack21,LucienWolfe111,1,trump,True,False
CarolynMoney15,HendersonCindy,1,trump,True,True
CarolynMoney15,haral37169,1,trump,True,False
CarolynMoney15,internal70736,1,trump,True,False
Carrie15458490,SenateDems,1,aoc,True,False
CarrollDogg,Nick11894,1,trump,True,True
CarrotM60176952,SulllySullly,1,trump,True,False
CaryRyan4,DianaforQueens,1,aoc,True,False
CaryRyan4,Foxhound_N10,1,aoc,True,True
CassandraS1038,Kanph1t,2,aoc,True,False
CassandraS1038,Trplb2,1,aoc,True,False
Cat2_Dota,0hour1,1,aoc,True,False
Cathbychoice1,TheImmortal007,1,trump,True,False
CatherineRigb18,LauraLoomer,1,aoc,True,False
CatieGus,POTUS,1,aoc,True,False
Cavsfan08133644,DCTRUMPNEWS,2,trump,True,False
Cavsfan08133644,TRUMP_ARMY_,3,trump,True,False
CeeVickie1,irishironmike,1,trump,True,False
Celesteveg93103,SenateDems,1,aoc,True,False
CerridwynVaughn,LeaderJohnThune,1,trump,True,False
CerridwynVaughn,SpeakerJohnson,1,trump,True,False
Chad6988353649,SenateDems,2,aoc,True,False
Chad6988353649,SpoogemanGhost,1,aoc,True,False
Chad6988353649,TheTNHoller,1,aoc,True,False
ChadR991,mangolassi93,1,trump,True,False
ChadR991,sky_and_sunshin,1,trump,True,False
CharlieTexan,TheDemocrats,1,aoc,True,False
CharlotteInMe,F15Synch,1,trump,True,False
CharlotteS88763,gardengunguy,1,trump,True,False
ChemicalsincG1,ICEgov,1,aoc,True,False
Cheveyo_Don1224,StephenM,1,trump,True,False
Cheyenn56327917,StephenM,1,trump,True,False
ChiDowner,1975_rpc,2,aoc,True,True
ChiDowner,saras76,2,aoc,True,False
Chickenranch123,SenateDems,1,aoc,True,False
Chr0mosomeY,Nick11894,1,trump,True,True
ChrisFairfield,HRH_SHP,1,aoc,True,True
ChrisFairfield,SaintGrimace,1,aoc,True,False
ChrisFairfield,SenSchumer,1,aoc,True,False
ChrisFairfield,SenateDems,2,aoc,True,False
ChrisSchu59734,SenateDems,1,aoc,True,False
Chrissy92238798,SenSchumer,1,aoc,True,False
Chrissy92238798,SenateDems,1,aoc,True,False
Christ1TruKing,SenateDems,2,aoc,True,False
ChristianPSatt1,SenateDems,1,aoc,True,False
ChristinaHambu4,MusicTheDope,1,trump,True,True
ChristinaHambu4,SenateDems,1,aoc,True,False
Christo60913698,LibertyCappy,1,trump,True,False
Christo60913698,Sandfort_,1,trump,True,False
ChristopherJJ18,rded,1,aoc,True,False
Christos_Pheros,DianaforQueens,1,aoc,True,False
Chuck2TIW,Lara_maga47,2,trump,True,False
Chuck2TIW,RapidResponse47,2,trump,True,False
Chuck2TIW,SpencerHakimian,2,trump,True,False
Chuck2TIW,duck_pantaloon,1,trump,True,False
Chuck2TIW,joyce_kasai,1,trump,True,False
ChuckWelsh121,saras76,1,aoc,True,False
Chuck_NOLA7,Bigdaddy001sbak,1,aoc,True,True
Chuck_NOLA7,SenateDems,2,aoc,True,False
CincinnatiChief,Bubblebathgirl,3,aoc,True,True
CincinnatiChief,Desdakon,3,aoc,True,True
Cincinnati_Son,Lor_blueeyes,1,trump,True,True
Cindy0973045770,CanadianBadBoys,1,trump,True,False
CitiSam,DianaforQueens,1,aoc,True,False
CjloCNmS1hkkuN8,qmap17eri,1,trump,True,False
ClassicMansell,Justinhamm54,1,trump,True,False
ClassicMansell,Yemenimilitary,2,trump,True,False
Claudia44959719,SenSchumer,1,aoc,True,False
Claudia44959719,SenateDems,5,aoc,True,False
Claudia44959719,T_rashPandada,3,aoc,True,True
Claudia44959719,jackisaidit27,1,aoc,True,False
Claudia44959719,nickshirleyy,1,aoc,True,False
ClayAll22,DianaforQueens,1,aoc,True,False
ClaytonAllen6,DidDTrumpDie,1,trump,True,False
ClickChronicles,livingfree76,1,aoc,True,False
Cliffhangerlure,SenateDems,1,aoc,True,False
ClintonLan1565,Carolqaz123,1,trump,True,False
ClintonLan1565,MichealEdw41540,1,trump,True,False
ClintonLan1565,SabrinaBarlow15,1,trump,True,True
ClintonLan1565,TaraRose60l8,2,trump,True,False
ClintonLan1565,dlb43059,1,trump,True,True
ClintonLan1565,teunislubbers,1,trump,True,True
ClosH979,SenateDems,1,aoc,True,False
ClowardCam39692,EMastrro,2,aoc,True,True
ClowardCam39692,JohnC32116200,1,aoc,True,False
ClowardCam39692,NatLangford1,1,aoc,True,False
CoadyRodne76708,PatriciaCo93502,1,trump,True,False
Cobby1776,JamieBonkiewicz,1,trump,True,False
CobyValentine24,GearsOfWar327,1,trump,True,False
CobyValentine24,NotaRINO2025,1,trump,True,False
CockpitMonkey,F15Synch,1,trump,True,False
CocoJeanne,Magadogmommy,1,aoc,True,True
CocoloPR55,sarasinterior,1,trump,True,False
CodyParEd,DidDTrumpDie,1,trump,True,False
Coffinstuffe,SenateDems,2,aoc,True,False
Colleen25703211,SenSchumer,1,aoc,True,False
Colleen25703211,SenateDems,1,aoc,True,False
Colorado_Ex_Pat,SenateDems,1,aoc,True,False
ComixGalore,DianaforQueens,1,aoc,True,False
ComixGalore,nycDSA,1,aoc,True,False
ContemplatoX,Arr3ch0,2,trump,True,False
ContemplatoX,grok,2,trump,True,True
CookeIzzym,TRUMP_ARMY_,4,trump,True,False
CookeIzzym,earnies2,1,trump,True,True
CookeIzzym,kbltd,1,trump,True,False
CookeIzzym,wething41659,1,trump,True,False
CookiesCooper,grok,1,trump,True,True
CoolJohn173,DavidBrillaa,5,trump,True,True
CoolJohn173,MuhyettinKaya1,5,trump,True,False
CoolJohn173,susquatch777,5,trump,True,False
CooperSusa30755,robertsepehr,1,trump,True,False
Cornstock_99,DavidYeshua4,3,trump,True,False
Cornstock_99,dilligaf_bohica,3,trump,True,True
Cornstock_99,grok,2,trump,True,True
CozAlenka,BoeJiden1944,1,trump,True,False
CozAlenka,Yemenimilitary,1,trump,True,False
CrazyKens,SenateDems,1,aoc,True,False
CreatorRealTalk,SenateDems,1,aoc,True,False
Criptokourier,Crypto4theGlobe,1,trump,True,True
CrisXmusic,DianaforQueens,1,aoc,True,False
CriticalEd16945,BlueATLGeorgia,1,trump,True,False
CriticalEd16945,krassenstein,1,trump,True,False
CrrptGrantsPass,grok,10,trump,True,True
CrypWalkinJ,DianaforQueens,1,aoc,True,False
CryptoSchnauzr,SenateDems,1,aoc,True,False
Cryptoguru1705,OopsSOLOG,1,trump,True,False
Curt5054,SenateDems,1,aoc,True,False
DBennett27,RepFine,1,aoc,True,False
DBlizzle123,GrowAllYourFood,1,trump,True,True
DBlizzle123,Jon_Genghis,1,trump,True,False
DBrozeLiveFree,natalimorris,1,aoc,True,False
DEW2788,StephenM,1,trump,True,False
DFairchild13166,JoshuaBradner,3,aoc,True,True
DFairchild13166,JulianaNY1965,1,aoc,True,True
DFairchild13166,RepFine,1,aoc,True,False
DGBringtheheat,LauraLoomer,1,aoc,True,False
DJ_Surfyre,DianaforQueens,1,aoc,True,False
DLompoc,Rechacho1,2,trump,True,False
DLompoc,TheRightMelissa,2,trump,True,False
DLompoc,pjk101408,2,trump,True,True
DPinFlorida,SenateDems,1,aoc,True,False
DRWUATSON_WJOPH,GuntherEagleman,2,trump,True,False
DRWUATSON_WJOPH,SenateDems,1,trump,True,False
DRWUATSON_WJOPH,WhiteHouse,1,trump,True,False
DTv200000,Slothspepe,1,trump,True,False
DTyler65247,catturd2,1,aoc,True,False
DUSTlMUS,DluxD4WN,3,aoc,True,True
DUSTlMUS,_AlexHirsch,3,aoc,True,False
DVictorShort,Yourkitty686,1,trump,True,False
DWSan1Tx,kont1320,1,trump,True,False
DZUSNY,SenateDems,1,aoc,True,False
DaddyWri,SenateDems,1,aoc,True,False
DaleG503,SenateDems,1,aoc,True,False
DamonLaursen,StephenM,1,trump,True,False
Dan2066838,SenateDems,1,aoc,True,False
DanBaldwin8787,Diana002US,1,trump,True,False
DanHosbach,SenateDems,1,aoc,True,False
DanHosbach,stannny71,1,aoc,True,False
DanaSharpe18,NotaRINO2025,1,trump,True,False
Dancaa2006,SenSchumer,1,aoc,True,False
Dancaa2006,SenateDems,1,aoc,True,False
DangWoodChuk,SenateDems,1,aoc,True,False
Danger_Dad_E3,allgoodmight,1,trump,True,True
Danger_Dad_E3,grok,1,trump,True,True
DanielHC31985,SenateDems,1,aoc,True,False
DanielS30733373,Doembon,1,aoc,True,False
Dankohelm,Playzangry,1,aoc,True,False
Dansfrmm2,Michael45441805,1,trump,True,True
DaphneB6345,JoshuaBradner,1,aoc,True,True
DaphneB6345,MLoewe88183,1,aoc,True,False
DaphneB6345,grok,1,aoc,True,True
DarbyTheGreek,atrupar,1,aoc,True,False
Darealynsny,Jaythewolf1,32,aoc,True,True
Darealynsny,TheSportPigeon,32,aoc,True,True
Darkfarie9411,Politicsworld,1,aoc,True,True
DarkoJohnson2k,JustinBrannan,1,aoc,True,False
DarlaCoghill1,SenSchumer,1,aoc,True,False
DarlaCoghill1,SenateDems,1,aoc,True,False
DarlaG2020,JoJoFromJerz,1,aoc,True,False
DarthRavirus,JohnLenin267,1,aoc,True,False
DarthRavirus,_Firulita,1,aoc,True,True
DarthWabbitt,TRUMP_ARMY_,1,trump,True,False
DaveHozz234,OneBadDude_,1,trump,True,False
DaveHozz234,SanTrump9543,1,trump,True,False
DaveyGayTraitor,grzebielsk82052,1,trump,True,False
DaveyGayTraitor,krassenstein,1,trump,True,False
David1Milo,freemanslady,1,trump,True,False
DavidAJ98293246,SenSchumer,1,aoc,True,False
DavidAJ98293246,SenateDems,1,aoc,True,False
DavidAd84266636,Anti_kazar,1,trump,True,False
DavidAd84266636,Yemenimilitary,1,trump,True,False
DavidBrillaa,CoolJohn173,8,trump,True,True
DavidBrillaa,MuhyettinKaya1,8,trump,True,False
DavidBrillaa,susquatch777,8,trump,True,False
DavidCarbajal86,SenSchumer,1,aoc,True,False
DavidCarbajal86,SenateDems,1,aoc,True,False
DavidGu04831976,RedPatriot17411,1,aoc,True,False
DavidHa23419177,SenateDems,1,aoc,True,False
DavidLHillPA,Dndbreakfast,2,aoc,True,False
DavidLHillPA,PYshelves,1,aoc,True,True
DavidLHillPA,grok,2,aoc,True,True
DavidLibsack,JeffCrisco_NC,1,trump,True,False
David_x_clara,peggy_gabour,1,aoc,True,False
DavieDoc1967,brkohn,1,aoc,True,False
DavisObyteme1,ILA_NewsX,1,trump,True,False
DavisObyteme1,elonmuskreal357,1,trump,True,False
DawgNuka,SenateDems,1,aoc,True,False
DawgzRuul,GodandCountryy,1,trump,True,False
DawgzRuul,TRUMP_ARMY_,1,trump,True,False
DawnPeace258589,SenSchumer,1,aoc,True,False
DawnPeace258589,SenateDems,1,aoc,True,False
DeannB115,IlhanMN,1,aoc,True,False
DeannB115,RepJasmine,1,aoc,True,False
DebbieKgalvet,krassenstein,1,trump,True,False
DebbieRive55539,GuntherEagleman,1,trump,True,False
DebeeMI,Harri36498Susan,4,trump,True,True
DebeeMI,TRUMP_ARMY_,4,trump,True,False
Deborah12329634,krassenstein,1,trump,True,False
DebraBr97827326,GodandCountryy,1,trump,True,False
DebraW2576,BeaverProgram,1,trump,True,False
Debster228282,AutismCapital,1,trump,True,False
Debster228282,rnsgarden,4,trump,True,True
Dee113Holly,tariffcoinsol_,1,trump,True,False
DeeHollon,EriDeimos,1,trump,True,True
DeeHollon,ishqasaanni,1,trump,True,False
DeepInsight37,SenateDems,1,aoc,True,False
DeepInsight37,estebanpie,1,aoc,True,False
DeliberativeAss,SenSchumer,1,aoc,True,False
DeliberativeAss,SenateDems,1,aoc,True,False
Democratfo24589,StephenM,1,trump,True,False
Demosth29104528,SenateDems,1,aoc,True,False
Demosth29104528,kennytucson,1,aoc,True,False
Demosthenes2468,jacksonhinklle,1,trump,True,False
Demosthenes2468,s_m_marandi,1,trump,True,False
DerekWolfJr,45LVNancy,1,trump,True,False
DerekWolfJr,CB618444,1,trump,True,False
DerekWolfJr,DieHard45RG,1,trump,True,False
DerekWolfJr,FireNewz,1,trump,True,False
DerekWolfJr,GuntherEagleman,1,trump,True,False
DerekWolfJr,KatTheHammer1,1,trump,True,False
DerekWolfJr,ROCKONOHIO77,1,trump,True,False
DerekWolfJr,RealHickory,1,trump,True,False
DerekWolfJr,WizChadwick2,1,trump,True,False
DerekWolfJr,beardvet,1,trump,True,False
DerekWolfJr,dogspink3,1,trump,True,False
Derrick_NYC_88,DianaforQueens,1,aoc,True,False
Desdakon,Bubblebathgirl,1,aoc,True,True
Desdakon,CincinnatiChief,1,aoc,True,True
DesireeAlliance,SenateDems,1,aoc,True,False
DeviaHaroo12581,barrontrump199,1,trump,True,False
DevildogL,RepFine,1,aoc,True,False
Dialogue1706,DeborahMeaden,1,aoc,True,False
DiamondDogz7,SenateDems,1,aoc,True,False
DianaNovak50282,SenSchumer,1,aoc,True,False
DianaNovak50282,SenateDems,1,aoc,True,False
DianePostLester,EdKrassen,2,trump,True,False
DianePostLester,MerichaM70630,2,trump,True,True
Dianem427Moore,SenateDems,1,aoc,True,False
Did_it_MyWay,CoinFlipperDude,1,aoc,True,False
DidierSchurch,migration,1,trump,True,False
Difawn175292,repeater_clough,1,trump,True,False
DileepJayaram,SenateDems,1,aoc,True,False
DimitriNis48977,s_m_marandi,1,trump,True,False
DiniCryps01,PumpDotFunGuy,1,trump,True,False
Dino19670820,SenSchumer,1,aoc,True,False
Dino19670820,SenateDems,1,aoc,True,False
DirkMacdougall,Kobie3408,2,aoc,True,False
DirkMacdougall,LefortPhilip,2,aoc,True,True
DirkMacdougall,RepFine,2,aoc,True,False
DirkMacdougall,X_StrayDog1,2,aoc,True,False
DirkMacdougall,arclumination,2,aoc,True,True
Dirtdigger1228,KantorKutyus,1,trump,True,False
DirtyMcghee,Crazymoments01,1,trump,True,False
DirtyMcghee,tandersonkather,1,trump,True,False
DixonSuckma,___Khonshu___,1,trump,True,False
DixonSuckma,lkhsissygirl01,1,trump,True,False
DluxD4WN,DUSTlMUS,3,aoc,True,True
DluxD4WN,_AlexHirsch,3,aoc,True,False
DoNotCastPearls,SenateDems,1,aoc,True,False
DoNotCastPearls,TheDemocrats,1,aoc,True,False
Docponyjones,SenateDems,1,aoc,True,False
Doctorfortis,trendisgood,4,trump,True,False
DonUntilImGone,Digvija73188705,1,aoc,True,False
DonaldShaneHas1,Eva502876865003,1,aoc,True,False
DonaldW32097402,LangmanVince,1,aoc,True,False
DonnaA42108,TenforJ,1,trump,True,False
Dontask321367,Shanna__Bylka,1,trump,True,False
Dorota519447900,Merciless365,1,aoc,True,True
Dorota519447900,edwardyoung21,1,aoc,True,False
DorothyJoh8899,RandomTheGuy_,1,trump,True,False
DorothyJoh8899,steven_dor,1,trump,True,False
Dotnexus,DianaforQueens,1,aoc,True,False
Dotnexus,NYCMayor,1,aoc,True,False
DougMohr8,s_m_marandi,1,trump,True,False
DougWeiss11,F15Synch,1,trump,True,False
DouglasBrofford,JamieBonkiewicz,1,trump,True,False
DounSun,Dndbreakfast,1,aoc,True,False
DrMiaow,badcomedypod,1,trump,True,True
DrMoreShot72358,ChefjparkJohn,1,aoc,True,False
DrShikima,FBI,1,aoc,True,False
DragonEmery,Primrose771646,1,trump,True,False
DragonEmery,WhiteHouse,1,trump,True,False
DreadPir8666,AGPamBondi,1,trump,True,False
DreadPir8666,DonaldJTrumpJr,1,trump,True,False
DreadPir8666,FBIDirectorKash,1,trump,True,False
DreadPir8666,PamBondi,1,trump,True,False
DreadPir8666,PressSec,1,trump,True,False
DreadPir8666,WhiteHouse,1,trump,True,False
DreadPir8666,gork,1,trump,True,True
DreadPir8666,karolineleavitt,1,trump,True,False
Drew46325938696,SenateDems,1,aoc,True,False
Drew78317882127,POTUS,1,trump,True,False
Drew78317882127,warringsaint2,1,trump,True,False
DrewEdward52818,SenateDems,1,aoc,True,False
Drt_Mb,Cincinnati_Son,2,trump,True,True
Drt_Mb,Lor_blueeyes,2,trump,True,True
DrunkenEagle7,EatMyKabobs,1,trump,True,False
Dubliner112,NataliaWay24299,2,trump,True,False
Dubliner112,grok,1,trump,True,True
Dubliner112,qasubilla,1,trump,True,False
Duckw2ll,SenSchumer,1,aoc,True,False
Duckw2ll,SenateDems,1,aoc,True,False
DukeGodfrey2,DianaforQueens,1,aoc,True,False
DumbDemocrat,TheDemocrats,1,aoc,True,False
DumbDemocrat,dnc,1,aoc,True,False
DunlavyEst9649,kjy6894,2,trump,True,False
DupeNoMore,micom8989,1,trump,True,False
Dvmcmr,SenateDems,1,aoc,True,False
Dvmcmr,StephenMallard5,1,aoc,True,False
DyeThe55136,PopTartsdSmores,1,aoc,True,True
DyeThe55136,SethWillis,1,aoc,True,False
DylanButler2000,SenateDems,1,aoc,True,False
EFGatti59,ajackson_guitar,1,trump,True,False
EJ7281319599168,SenateDems,1,aoc,True,False
EJ7281319599168,TheDemocrats,1,aoc,True,False
EVplusBRO,SpecsDaddy,1,aoc,True,False
EWoomer79,RanaAurora,3,aoc,True,False
EWoomer79,rmlunn,3,aoc,True,False
EagleWatson22,SenateDems,1,aoc,True,False
Eagles5211,irishironmike,1,trump,True,False
EarlJam89,TRUMP_ARMY_,1,trump,True,False
EcoSocialist84,GOP,1,aoc,True,False
EcoSocialist84,Saudi,1,aoc,True,False
EduEducharles,Red_Pill_US,1,trump,True,False
EduaryoloSolis,BotulismBarry,2,aoc,True,False
EduaryoloSolis,vicale,2,aoc,True,False
Edward48463192,KiaThompson377,1,trump,True,False
EdwardBaney,Dndbreakfast,1,aoc,True,False
EdwardBaney,Txu4547,1,aoc,True,True
Eeeeee16778613,saras76,1,aoc,True,False
Eetadeek,CaminanteLoc0,1,aoc,True,False
Ehoneisdagoat,SenateDems,1,aoc,True,False
EhrlerD805,F15Synch,1,trump,True,False
ElCid38176612,BCarbajales64,1,trump,True,False
Elated22,DianaforQueens,1,aoc,True,False
EleanorCum41072,DHSgov,2,trump,True,False
EleanorCum41072,JackPosobiec,2,trump,True,False
EleanorCum41072,MORLANDO92,2,trump,True,False
EleanorCum41072,POTUS,2,trump,True,False
EleanorCum41072,RealTomHoman,2,trump,True,False
EleanorCum41072,SecWar,2,trump,True,False
EleanorCum41072,Sec_Noem,2,trump,True,False
Elio_LSXP,grok,2,trump,True,True
Elissandraprof,realDonadTrump,1,trump,True,False
ElizabethR87421,SenateDems,1,aoc,True,False
EllieNeverDies,DidDTrumpDie,1,trump,True,False
EllieNeverDies,jsstx1,1,trump,True,False
Ellie_dem5477,charliekirk11,1,trump,True,False
Ellie_dem5477,hanif_andleeb,1,trump,True,True
ElonsLostKid,AlboMP,1,trump,True,False
ElzNood48962,Yemenimilitary,1,trump,True,False
Emma650John,GuntherEagleman,1,trump,True,False
En_Plein_Aire,JustinBrannan,2,aoc,True,False
En_Plein_Aire,StuckinBrooklyn,1,aoc,True,False
Engineer_Hasn,realMaalouf,2,aoc,True,False
Engineer_Hasn,xXBROKENXx1981,2,aoc,True,True
EriDeimos,DeeHollon,3,trump,True,True
EriDeimos,ishqasaanni,3,trump,True,False
EricHippler,SenateDems,1,aoc,True,False
EricVoebel2,mazemoore,1,trump,True,False
ErickCh80578480,IfindRetards,1,trump,True,False
EscalanteA97975,SenateDems,1,aoc,True,False
Esope386135,MoralBlindness,1,trump,True,False
Esope386135,Sarah4Trump_,1,trump,True,False
EsotericAoc,DianaforQueens,1,aoc,True,False
EssayonD68272,F15Synch,1,trump,True,False
Esteban2K25,DianaforQueens,1,aoc,True,False
Esteban2K25,Wess_Miller,1,aoc,True,True
Esweeney7,FACTMATTER2024,1,aoc,True,True
Esweeney7,SenSchumer,1,aoc,True,False
Esweeney7,SenateDems,1,aoc,True,False
EutherPendragon,SenateDems,1,aoc,True,False
EvelynM54111400,SenateDems,1,aoc,True,False
EvoudMr,SDG1888,1,trump,True,False
EvoudMr,curious10665,1,trump,True,False
Ewornek43,DidDTrumpDie,2,trump,True,False
Ewornek43,GetTheFacts2025,1,trump,True,False
Ewornek43,LucienWolfe111,1,trump,True,False
Ewornek43,PatriotXV11,1,trump,True,False
Ewornek43,cyclops_9o,1,trump,True,False
Ewornek43,xIsraelExposedx,1,trump,True,True
ExtremismIsBad,SenateDems,1,aoc,True,False
Eyes_wittnes,CaminanteLoc0,2,aoc,True,False
Eyes_wittnes,MyFarmTrade,2,aoc,True,False
Eyes_wittnes,interitus0,2,aoc,True,True
EyesonCensors,Yemenimilitary,2,trump,True,False
EyesonCensors,jford00lala,1,trump,True,True
FACED16251,StephenM,1,trump,True,False
FACTMATTER2024,Esweeney7,1,aoc,True,True
FACTMATTER2024,SenSchumer,2,aoc,True,False
FACTMATTER2024,SenateDems,2,aoc,True,False
FLWCBeachchic,SenateDems,1,aoc,True,False
FLtoNYC,SenSchumer,1,aoc,True,False
FLtoNYC,SenateDems,1,aoc,True,False
FXyz70052935,PumpDotFunGuy,1,trump,True,False
FaceLikeFlint66,activepatr,1,trump,True,False
FactsOVfeelingz,SenateDems,1,aoc,True,False
FaeFae63,4HumanUnity,3,trump,True,False
FaeFae63,AmyxForCongress,1,trump,True,False
FaeFae63,IfSixWere9,1,trump,True,False
FaeFae63,JeffAinsworth7,1,trump,True,True
FaeFae63,NotaRINO2025,1,trump,True,False
FaeFae63,Ronxyz00,1,trump,True,False
FaeFae63,arcachronica,1,trump,True,False
FaeFae63,pam_comeau,1,trump,True,False
FahqgGZVih25406,AAlhatali,1,trump,True,False
FahqgGZVih25406,allgoodmight,1,trump,True,True
FahqgGZVih25406,grok,1,trump,True,True
FakeNewsHater01,SenateDems,1,aoc,True,False
FantasyGuy93,Firekraker72,1,aoc,True,False
FantasyGuy93,SenateDems,1,aoc,True,False
Fareplease1con,DianaforQueens,1,aoc,True,False
Fareplease1con,alexstein99,1,aoc,True,False
Feared_Deathrom,DoryBeutel,1,aoc,True,False
Feared_Deathrom,RepFine,1,aoc,True,False
Feared_Deathrom,onceuponatime7,1,aoc,True,False
Feddny,ValentinaForUSA,1,aoc,True,False
Fedup026,SenateDems,1,aoc,True,False
Fedup026,byronlacroix,1,aoc,True,False
FegMansionmaker,SenateDems,1,aoc,True,False
FiebigMatt07,s_m_marandi,1,trump,True,False
Fifithejerk,DidDTrumpDie,1,trump,True,False
Filius_Libertas,RepFine,2,aoc,True,False
Filius_Libertas,ScottAaron2,1,aoc,True,False
Filius_Libertas,janinedigi,2,aoc,True,True
Filius_Libertas,realMaalouf,2,aoc,True,False
Firefish65,JamieBonkiewicz,1,trump,True,False
Firefish65,TRUMP_ARMY_,1,trump,True,False
Firefish65,luvfinity,1,aoc,True,False
Firefish65,saras76,1,trump,True,False
FirstGoright,robertsepehr,1,trump,True,False
Fishingin828,supahnas0,1,aoc,True,False
FlinchLick49725,KurtSchlichter,1,aoc,True,False
FloridaMAN1111,HambuRuman,2,trump,True,False
FloridaMAN1111,RoyaleErlara,2,trump,True,False
FloridaMAN1111,Yemenimilitary,2,trump,True,False
FloridaMAN1111,jgilli9,2,trump,True,False
FlossingMeat,Ronxyz00,1,trump,True,False
Fold_Art,SenateDems,1,aoc,True,False
ForgottenBeauty,SenateDems,2,aoc,True,False
Forslun1Kerstin,ChristinaHambu4,1,trump,True,True
Foxhound_N10,DianaforQueens,2,aoc,True,False
Foxhound_N10,GSwarthout,1,aoc,True,True
FrSpeechApparel,MetropolitanKi1,1,trump,True,False
FrSpeechApparel,ZoeyKay,1,trump,True,False
Frances36741871,sentdefender,1,trump,True,False
Frank_FSU_7,DianaforQueens,1,aoc,True,False
Frankie66000319,SenateDems,1,aoc,True,False
FreakingTenon,grok,1,trump,True,True
FredFuckman,i7_95wa,1,aoc,True,False
FreedomRcs54200,SenSchumer,1,aoc,True,False
FreedomRcs54200,SenateDems,1,aoc,True,False
FreedomUSANews,MitchellNussba1,10,aoc,True,False
FreedomUSANews,N3VURMYND,9,aoc,True,True
FreedomUSANews,RealDarkKitteee,9,aoc,True,True
FreedomUSANews,jammles9,10,aoc,True,False
FriisHorup,Luci3Furr,1,aoc,True,False
FriisHorup,RepFine,1,aoc,True,False
FriisHorup,SenatorMendoza2,1,aoc,True,False
FriisHorup,janinedigi,1,aoc,True,True
FriisHorup,realMaalouf,1,aoc,True,False
FriisHorup,receptionlivid,1,aoc,True,False
FringeWolfhound,KatKanada_TM,1,trump,True,False
FringeWolfhound,Montreal,1,trump,True,False
FringeWolfhound,POTUS,1,trump,True,False
FringeWolfhound,RebelNews_CA,2,trump,True,False
FringeWolfhound,ThevoiceAlexa,1,trump,True,False
FringeWolfhound,ValerieplanteM,1,trump,True,False
FringeWolfhound,seanfeucht_page,1,trump,True,False
Fugo226,CricketMaiden88,1,trump,True,False
Fugo226,GBekaxo27669,1,trump,True,False
FullaloveM76310,LibertyCappy,2,trump,True,False
FullaloveM76310,nomandatesco,1,trump,True,False
FullaloveM76310,stockbella,1,trump,True,False
FunnierTFamous,RepFine,1,aoc,True,False
FunnierTFamous,capksharma,1,aoc,True,False
FunnierTFamous,foggybottomgal,1,aoc,True,False
Funnypandalones,SenateDems,1,aoc,True,False
FutureFred1,SenateDems,1,aoc,True,False
FyslMktfi5,farah50091,1,trump,True,False
FyslMktfi5,grok,1,trump,True,True
G3raldtheH3rald,DianaforQueens,1,aoc,True,False
GATORS9606,Justinestebanos,1,trump,True,False
GATORS9606,Krasulak39876,1,trump,True,False
GATORS9606,sentdefender,1,trump,True,False
GEN512X,grok,2,aoc,True,True
GLisnevskaya,Richard_D_C_jr,1,trump,True,False
GMG19611,SenateDems,1,aoc,True,False
GSwarthout,DianaforQueens,5,aoc,True,False
GSwarthout,Foxhound_N10,5,aoc,True,True
GSwarthout,Patriotway56,1,aoc,True,True
GSwarthout,el_shaddai33,3,aoc,True,True
GTBAGF,Herbaughszn,5,trump,True,True
GTBAGF,grok,5,trump,True,True
GTBAGF,hej5gbie95223,5,trump,True,False
GTBAGF,krassenstein,5,trump,True,False
GTBAGF,savo24s,5,trump,True,True
GWWFC1,grok,1,trump,True,True
GailRule1,SenateDems,1,aoc,True,False
GailRule1,TinaSmithMN,1,aoc,True,False
GallFAM4,teapartytempest,2,aoc,True,True
GardenVole,SenateDems,1,aoc,True,False
GaryWantEV,FFT1776,4,trump,True,False
GaryWantEV,doulonkyriou,4,trump,True,True
Garzek716,TimLeavitt14,1,trump,True,False
Garzek716,chinchat09,1,trump,True,False
GeckosButt90472,KurtSchlichter,3,aoc,True,False
GeckosButt90472,blake658117,3,aoc,True,False
GeckosButt90472,grok,3,aoc,True,True
GeckosButt90472,obnoxious128121,3,aoc,True,True
Gee45662590,LiberalActivis4,1,aoc,True,False
Gee45662590,LoonyLovelyLuna,1,aoc,True,False
Gee45662590,realMaalouf,2,aoc,True,False
GeneralKim_J,Bb89870,1,trump,True,False
GeneralKim_J,Yemenimilitary,1,trump,True,False
GeneralKim_J,aclownin1,1,trump,True,True
GeofryIII,DianaforQueens,1,aoc,True,False
GeologistTom,_AlexHirsch,1,aoc,True,False
Georgia638,CAgovernor,1,trump,True,False
Georgia638,mazemoore,1,trump,True,False
GerriNewha70256,SenateDems,1,aoc,True,False
GerryRiver55569,DianaforQueens,19,aoc,True,False
GerryRiver55569,teapartytempest,18,aoc,True,True
GetMyShineOn1,FFT1776,1,trump,True,False
GetMyShineOn1,Melodyloulou,1,trump,True,False
Getover85822847,Acyn,1,aoc,True,False
Getover85822847,GuntherEagleman,1,aoc,True,False
GiJane_007,SenateDems,1,aoc,True,False
GianFrankComo,SenateDems,1,aoc,True,False
Giancarl78,grok,1,trump,True,True
Giiin,Kanph1t,1,aoc,True,False
GillConstruct,SenateDems,1,aoc,True,False
Ginger92280721,nomandatesco,1,trump,True,False
GlammaSooz,SenateDems,1,aoc,True,False
GleasonMel49073,FFT1776,2,trump,True,False
GleasonMel49073,FLOTUS,2,trump,True,False
GleasonMel49073,Gringa_Loca_00,1,trump,True,False
GleasonMel49073,UncensoredUSA,2,trump,True,False
GleasonMel49073,royr33,1,trump,True,False
GlenBrown15,DianaforQueens,1,aoc,True,False
GlobalGameHQ,SarahAllisonFl,1,trump,True,False
GmaAnne56,SenateDems,1,aoc,True,False
GodBlessUS40511,Erin_shirley_,1,trump,True,False
GodBlessUS40511,Hannah_Sasso,1,trump,True,True
GodWillSaveUsx,Ahmed_hassan_za,2,trump,True,False
GodWillSaveUsx,EdbieLigerSmith,1,trump,True,False
GodWillSaveUsx,Kahlissee,1,trump,True,False
GodWillSaveUsx,MenchOsint,1,trump,True,False
GodWillSaveUsx,RealScottRitter,1,trump,True,False
GodWillSaveUsx,SuppressedNws,1,trump,True,False
GodWillSaveUsx,Yemenimilitary,1,trump,True,False
GodWillSaveUsx,_iamblakeley,1,trump,True,False
GodWillSaveUsx,ahmadslmanx,1,trump,True,False
GodWillSaveUsx,goddek,1,trump,True,False
GodWillSaveUsx,s_m_marandi,1,trump,True,False
GoetzJared,mgskf1_,2,trump,True,False
GoldenWing2022,AmericanMargo,1,aoc,True,True
Goodguyfood,AustinMillerdms,1,trump,True,False
GoodnessGlenda,Acyn,1,aoc,True,False
GoodnessGlenda,GuntherEagleman,1,aoc,True,False
Goodnightmoone1,CoinFlipperDude,2,aoc,True,False
Goodnightmoone1,nukkinfuttzz29,1,aoc,True,False
GourabPram28915,GiveRep,2,trump,True,False
GourabPram28915,MalayManda87722,1,trump,True,False
Grandma28220967,SenateDems,1,aoc,True,False
Greg197297,SenSchumer,1,aoc,True,False
Greg197297,SenateDems,1,aoc,True,False
Greg24595139,SUBRATA30016572,1,trump,True,False
Greg24595139,TRUMP_ARMY_,1,trump,True,False
GregHawkin31317,SenateDems,1,aoc,True,False
GregWest_HALOJM,EMastrro,1,aoc,True,True
Gregory99120620,TRUMP_ARMY_,1,trump,True,False
GriegerJon,DianaforQueens,1,aoc,True,False
GrittyPositivi1,SenateDems,1,aoc,True,False
GroovyFlicks,FloridaMC242,1,aoc,True,False
GroovyFlicks,catturd2,1,aoc,True,False
GrowAllYourFood,DBlizzle123,1,trump,True,True
GrowAllYourFood,Jon_Genghis,1,trump,True,False
Grumpy_MAGA,F15Synch,1,trump,True,False
GuiilermoRed21,B7frankH,1,trump,True,False
GunRyder85011,RepFine,1,aoc,True,False
Gustavo47082785,magabarron661,1,trump,True,False
Gvmtsucs,SenSchumer,1,aoc,True,False
Gvmtsucs,SenateDems,1,aoc,True,False
GyneenL,GuntherEagleman,1,trump,True,False
Gypsyfayth,ChrisNyamabo,1,aoc,True,False
Gypsyfayth,capksharma,1,aoc,True,False
H8CISHET,DianaforQueens,1,aoc,True,False
HAngela74L,hackscorpio,1,trump,True,False
HAngela74L,jamc666,1,trump,True,False
HAngela74L,moment_mirthful,2,trump,True,False
HMagrowin20415,F15Synch,1,trump,True,False
HObi7to,justintrumpSOL,1,trump,True,False
HOgpf8726,Barron_1trump1,1,trump,True,False
HRH_SHP,SaintGrimace,1,aoc,True,False
HRH_SHP,SenSchumer,1,aoc,True,False
HRH_SHP,SenateDems,1,aoc,True,False
HVaxxer,thecrussian,1,aoc,True,True
H_H_Ellekaer,Zachary02480085,4,trump,True,True
H_Sensa,SenateDems,1,aoc,True,False
HaHaDABuM,EricTrump,1,trump,True,False
HaHaDABuM,Limitless_Token,1,trump,True,False
HaHaDABuM,elonmusk,1,trump,True,False
HaHaDABuM,goozmareli,1,trump,True,False
HabibHussini2,yvonneridley,1,trump,True,False
HalReederdz,SenateDems,1,aoc,True,False
HaloTruthCat,DianaforQueens,1,aoc,True,False
Hamid679,StephenM,1,trump,True,False
HaneyMister,SenateDems,1,aoc,True,False
Hannah_Sasso,Erin_shirley_,1,trump,True,False
HaojieX9588,DanielleChown,4,trump,True,False
HaojieX9588,cathynumber5,5,trump,True,True
HaojieX9588,xIsraelExposedx,5,trump,True,True
HarlyQmo,Emeliarjl,2,aoc,True,False
HarlyQmo,RepFine,5,aoc,True,False
HarlyQmo,TheHayride,1,aoc,True,False
HarlyQmo,christaforcola,1,aoc,True,False
HarlyQmo,http_riyaann,1,aoc,True,False
HarlyQmo,piersmorgan,1,aoc,True,False
HarlyQmo,toninousa,2,aoc,True,True
HarlyQmo,valour378,1,aoc,True,False
Harri36498Susan,DebeeMI,4,trump,True,True
Harri36498Susan,TRUMP_ARMY_,4,trump,True,False
Harri36498Susan,s_m_marandi,1,trump,True,False
HeHeflin63,grok,3,aoc,True,True
He_ASpeckOfDust,MoralBlindness,1,trump,True,False
HeartofColorado,SenateDems,1,aoc,True,False
HeatMis46503672,SenateDems,1,aoc,True,False
HeatherK9070,atrupar,1,aoc,True,False
HeatherSta95884,SenateDems,1,aoc,True,False
Heavensnewbaby,SenateDems,1,aoc,True,False
Heffe5000,SenateDems,1,aoc,True,False
Helenjones47494,LeftyWinter,1,aoc,True,False
Helenjones47494,SenateDems,2,aoc,True,False
HelloMangoGoGo,AydenCross20,1,trump,True,False
HendersonCindy,CarolynMoney15,1,trump,True,True
Herbaughszn,GTBAGF,12,trump,True,True
Herbaughszn,grok,13,trump,True,True
Herbaughszn,hej5gbie95223,12,trump,True,False
Herbaughszn,krassenstein,12,trump,True,False
Herbaughszn,savo24s,12,trump,True,True
HeschNancy36810,Lara_maga47,1,trump,True,False
HeschNancy36810,RapidResponse47,1,trump,True,False
HeschNancy36810,jim_fetter,1,trump,True,False
HeschNancy36810,kqntin,1,trump,True,False
Hetty2,PaulJ_CENT,1,trump,True,False
Heyfuhgedd62811,SenateDems,1,aoc,True,False
HighPlainsGal2,SenateDems,1,aoc,True,False
HillKit42005,SenateDems,1,aoc,True,False
HillbillyTruth,SenateDems,1,aoc,True,False
HimWaiting4,RyanGGeorge,1,trump,True,False
HimWaiting4,TenforJ,1,trump,True,False
Hollerin1953,0x69fisher,1,trump,True,False
Hollerin1953,proudelephant,1,trump,True,False
Hollerin1953,thegreatgig8,1,trump,True,True
Hollylucerohot1,JeffRoseTV,1,aoc,True,False
HonestApeNYC,AEddie83,1,aoc,True,True
HonestApeNYC,IntoTheMystic15,1,aoc,True,True
HonestApeNYC,MrAmerica741976,7,aoc,True,False
HonestApeNYC,_thenowjones,7,aoc,True,True
HonestApeNYC,grok,8,aoc,True,True
HonorFlightApp,SenateDems,1,aoc,True,False
HonorFlightApp,USHouseFloor,1,aoc,True,False
HoosierWolf,DianaforQueens,1,aoc,True,False
HornEagle32992,DrRepatriator,1,trump,True,False
HornEagle32992,StateDept,1,trump,True,False
HornEagle32992,mangolassi93,1,trump,True,False
HouseofDSM,Nick11894,1,trump,True,True
Hpi48,Magadogmommy,1,aoc,True,True
Hugh_Mongos69,SenateDems,1,aoc,True,False
HughedDavid,DianaforQueens,1,aoc,True,False
Hunter120925Bee,SenateDems,1,aoc,True,False
Hypotrichtofax,aidenrturner,1,trump,True,True
I1ST5XSTX,Cashloren,1,aoc,True,False
I1ST5XSTX,DavidOzer2026,1,aoc,True,False
IBrittany1125,Merciless365,1,aoc,True,True
IBrittany1125,edwardyoung21,1,aoc,True,False
ICBarrett,ArchiteuthisDx,1,aoc,True,False
ICBarrett,ragingbullcap,1,aoc,True,False
IGuy124,CaminanteLoc0,1,aoc,True,False
IGuy124,RogeneFrances,1,aoc,True,False
IHeadbange95168,ILA_NewsX,1,trump,True,False
IHeadbange95168,k_ovfefe2,1,trump,True,False
IIsight1,ATTNtoken,1,trump,True,False
IIsight1,GiveRep,2,trump,True,False
IIsight1,SuiNetwork,1,trump,True,False
IIsight1,salcatofficial,1,trump,True,True
ISeeWordsPeople,SenateDems,1,aoc,True,False
I_stir_pot,NewDayNewsom,1,aoc,True,True
I_stir_pot,SenateDems,1,aoc,True,False
IanGiamaldi,SenateDems,1,aoc,True,False
IanMoone46n2,SenateDems,1,aoc,True,False
IanWy73596,StyrosDonaras,3,aoc,True,False
IanWy73596,catturd2,3,aoc,True,False
Icareaboutmnok,SenateDems,1,aoc,True,False
Icareaboutmnok,TheDemocrats,1,aoc,True,False
Icarys417668,SenateDems,1,aoc,True,False
Icarys417668,stannny71,1,aoc,True,False
Icy_Camera_1441,MaileOnX,1,trump,True,False
IkeRhodes37363,XVanFleet,1,trump,True,False
Ilgevita0564,betolopezsc,1,trump,True,False
IluvCto,realdrny,1,trump,True,False
IluvCto,retraximus,1,trump,True,False
ImJustXenon,C4t_B0mb,1,aoc,True,True
ImJustXenon,_AlexHirsch,1,aoc,True,False
Imagine_italy,grok,3,trump,True,True
Imagine_italy,scholarship_rw,3,trump,True,True
InfamousChato,desertfox122,1,trump,True,False
Ingloriousbastr,SenateDems,1,aoc,True,False
Ingrid1954361,SherriTren98968,1,trump,True,False
InitToni,_AlexHirsch,1,aoc,True,False
Insoo18049360,DanBilzerian,1,trump,True,False
Insoo18049360,Lardhorse,1,trump,True,False
Insoo18049360,RapidResponse47,1,trump,True,False
Insoo18049360,analyticnomad1,1,trump,True,False
Insoo18049360,prinsbuttrcup65,1,trump,True,True
IntoTheMystic15,HonestApeNYC,1,aoc,True,True
IntoTheMystic15,just_meggggg,1,aoc,True,True
IrishNinja1981,DianaforQueens,5,aoc,True,False
IrishNinja1981,subhashkumar,1,aoc,True,True
IrishNinja1981,teapartytempest,2,aoc,True,True
IronHorseLodge,nuolilin,2,trump,True,False
Irreverent888,MontanaGirl0512,1,aoc,True,True
IsThis4Real68,SenateDems,1,aoc,True,False
ItsBeckyRN,SenateDems,1,aoc,True,False
JBdeadbrain,aaqibali90,1,trump,True,False
JFV_SantistaSAF,Grok,1,trump,True,True
JG001016,1Sondo,1,aoc,True,False
JG001016,CoinFlipperDude,1,aoc,True,False
JGnft_is_me,DianaforQueens,1,aoc,True,False
JH4154118797453,SenateDems,1,aoc,True,False
JHillPhD,EricLDaugh,1,trump,True,False
JIdoreyin88966,Slothspepe,1,trump,True,False
JMyo77,TheErikHerman,1,aoc,True,False
JP1250478045100,ADevotedYogi,1,trump,True,False
JP47444299,SenateDems,1,aoc,True,False
JP_Finlays_Ears,SenateDems,1,aoc,True,False
JPeterjohn_,Yemenimilitary,1,trump,True,False
JPicton43630,SenateDems,2,aoc,True,False
JPicton43630,pattycake49246,2,aoc,True,True
JRedDvlDog601,ChrisNyamabo,1,aoc,True,False
JRierd67225,charlene3373,1,trump,True,False
JRierd67225,elsie1920,1,trump,True,False
JRierd67225,stockbella,2,trump,True,False
JSConstitution,Ewornek43,1,trump,True,True
JSConstitution,PatriotXV11,1,trump,True,False
JSGleason136245,ArnulfoCarden17,1,aoc,True,False
JS_footballHER,Jim_Jordan,1,aoc,True,False
JS_footballHER,OhioState,1,aoc,True,False
JS_footballHER,TeamAOC,1,aoc,True,False
JSheaker13,jammles9,1,aoc,True,False
JVaughn88832,BrilynHollyhand,1,trump,True,False
JWillsVoteBlue,DelgadoforNY,1,aoc,True,False
JWillsVoteBlue,DianaforQueens,1,aoc,True,False
J_Valentyn,StephenM,1,trump,True,False
Jacinth80443911,Gr8ful_3,1,aoc,True,True
JackCade37,Yemenimilitary,2,trump,True,False
JackS3360,GovMikeHuckabee,1,trump,True,False
JackS3360,IvankaNews_,1,trump,True,False
JackS3360,iamshalabhkumar,1,trump,True,False
JacksLeftBall,Dank_Godfather,1,trump,True,False
JacksLeftBall,NV_MAGA_DAD,2,trump,True,False
JacksLeftBall,krassenstein,2,trump,True,False
Jacquel90193349,RpsAgainstTrump,1,trump,True,False
JamesCopel73421,SenateDems,1,aoc,True,False
JamesDavis41229,F15Synch,1,trump,True,False
JamesFrank4501,VideoGuy67,1,aoc,True,False
JamesLalremrua1,Matthewtravis08,1,trump,True,False
JamesOppy2,CKNfun,1,trump,True,False
JamesOppy2,ConnorPurcell13,1,trump,True,False
JamesOppy2,GuntherEagleman,10,trump,True,False
JamesOppy2,KLeavittNews,1,trump,True,False
JamesOppy2,PaulShe70783076,1,trump,True,False
JamesOppy2,Type07Safety,1,trump,True,False
JamesOppy2,WarrenCWade,1,trump,True,False
JamesOppy2,deverwon,1,trump,True,False
JamesOppy2,gimmeth_atbecky,2,trump,True,False
JamesOppy2,loriegillespie,1,trump,True,False
JamesOppy2,redrotties1,1,trump,True,False
JamesRe4741252,CeoMusk_34531,1,trump,True,False
JamesSessions1,DianaforQueens,1,aoc,True,False
JamesSessions1,leftcoastindy,1,aoc,True,True
Jamesjr8888,SenateDems,1,aoc,True,False
JamieStoneXXX,SenateDems,1,aoc,True,False
JanKosFuller,hayseed_mcgee,1,aoc,True,False
JanKosFuller,robbystarbuck,6,aoc,True,False
JanKosFuller,sueann1101,4,aoc,True,True
Jane19891004,Antonina0811,1,aoc,True,False
Jane19891004,DianaforQueens,2,aoc,True,False
Jane19891004,Martiep5ub,2,aoc,True,True
JanssenJh,LtJackfromOhio,2,aoc,True,True
Jason6318115279,mattvanswol,1,trump,True,False
Jason8164439078,SenateDems,1,aoc,True,False
JasonsCrypto,KAGdrogo,1,trump,True,False
JasonsCrypto,Yemenimilitary,1,trump,True,False
Jaxinthejungle,PapapasRevenge,1,trump,True,True
Jaxinthejungle,SeanCamp99,1,trump,True,True
Jaxinthejungle,Trump_Regrets,1,trump,True,False
Jay668285834448,_AlexHirsch,1,aoc,True,False
Jay668285834448,apostate21263,1,aoc,True,False
JayDubcity16,SenateDems,1,aoc,True,False
JayMcLe76090860,Ohio_buckeye_us,1,aoc,True,False
JayMcLe76090860,RepFine,1,aoc,True,False
Jay_o111,krassenstein,1,trump,True,False
JayeshP20856132,DianaforQueens,1,aoc,True,False
JayeshP20856132,ICEgov,1,aoc,True,False
JayeshP20856132,SenSchumer,1,aoc,True,False
Jaythewolf1,Darealynsny,1,aoc,True,True
Jaythewolf1,TheSportPigeon,5,aoc,True,True
JazzJB,UKLabour,1,trump,True,False
JazzJB,seadogsimi69,1,trump,True,False
Jean_JVJ_Br,Middle_Eastern0,1,trump,True,False
JebStuartggpa,SenateDems,1,aoc,True,False
JeffAinsworth7,4HumanUnity,1,trump,True,False
JeffAinsworth7,FaeFae63,1,trump,True,True
JeffDensmore87,POdPatriot,1,trump,True,False
JeffreyMar27718,TiredofPCCrap,1,aoc,True,True
Jennife48885982,AngryCaliLib,1,aoc,True,False
Jennife48885982,GuntherEagleman,1,aoc,True,False
Jennife48885982,SenateDems,2,aoc,True,False
JennyfromtheGOP,DianaforQueens,1,aoc,True,False
JeriHold,GearsOfWar327,2,trump,True,False
JeriHold,NotaRINO2025,3,trump,True,False
Jerry37344094,BonSi35115,1,aoc,True,False
Jes3CAgrl4Life1,GuntherEagleman,1,trump,True,False
Jes3CAgrl4Life1,LionnessMamma,1,trump,True,True
JessKelly333,77_willl,1,aoc,True,True
JessKelly333,TimRunsHisMouth,1,aoc,True,False
JesseArms1,GuntherEagleman,2,aoc,True,False
JesseArms1,SenateDems,5,aoc,True,False
JesseArms1,TerriandToddXO,1,aoc,True,False
JesseArms1,byronlacroix,1,aoc,True,False
JesseArms1,stannny71,1,aoc,True,False
JesseArms1,usefulidiots26,1,aoc,True,False
JessePilko,AlboMP,1,trump,True,False
JessicaFou87383,ScottCrisp51777,2,trump,True,False
JetFuelOG,SAIFRASHID2,1,trump,True,False
JetFuelOG,dwp9470,1,trump,True,False
JfreeAmerica,DAGToddBlanche,1,aoc,True,False
JfreeAmerica,ErikaC47,1,aoc,True,False
JfreeAmerica,StuAlanBecker,1,aoc,True,False
JfreeAmerica,aliabintsalim2,1,aoc,True,False
JfreeAmerica,natalimorris,1,aoc,True,False
JfreeAmerica,ogiffology,1,aoc,True,False
Jim08642,DianaforQueens,2,aoc,True,False
JimBooiee,thecrussian,2,aoc,True,True
JimCorn26121,harryjsisson,1,aoc,True,False
JimDeetz,SenateDems,1,aoc,True,False
JimMLSsocrfan,magabarron_2416,1,trump,True,False
JimMcCall54,121Banyas,1,trump,True,False
JimPMcAndrew,HighbeeNation1,1,aoc,True,False
JimTryth,SenateDems,1,aoc,True,False
Jimdaddyhall1,kevinnbass,1,aoc,True,False
Jimkirkmemewar,DianaforQueens,3,aoc,True,False
Jimkirkmemewar,SenateDems,1,aoc,True,False
JimmyNutTron1,DidDTrumpDie,1,trump,True,False
JimmyNutTron1,JamieBonkiewicz,1,trump,True,False
JimmyNutTron1,OakSmith2018,1,trump,True,True
JimmyNutTron1,PeacenMEast,1,trump,True,False
JimmyNutTron1,RpsAgainstTrump,1,trump,True,False
JimmyNutTron1,xIsraelExposedx,1,trump,True,True
JoJoBlues316,JeffRoseTV,1,aoc,True,False
JoTrumpCA,jessecox1953,1,trump,True,False
Joanna774111371,JoshuaSteinman,1,trump,True,False
Joanna774111371,acnewsitics,1,trump,True,False
Jody41444373,SenSchumer,1,aoc,True,False
Jody41444373,SenateDems,1,aoc,True,False
JoeGarcia1978,LucienWolfe111,1,trump,True,False
JoeMarz10,ClownWorld,1,aoc,True,False
JoeMarz10,TodThompson,1,aoc,True,False
JoePatriot7,POTUS,1,trump,True,False
JoePatriot7,allgoodmight,1,trump,True,True
JoePatriot7,beardvet,1,trump,True,False
JoePatriot7,goddek,2,trump,True,False
JoePatriot7,grok,1,trump,True,True
JoeProstate,SenateDems,1,aoc,True,False
JoeSchmo7756,hksingh0,1,trump,True,False
JoeSchmoe2949,IchimaruMegumin,1,trump,True,False
JoeSchmoe2949,Yemenimilitary,1,trump,True,False
JoeSnauski,FozonCapital,1,aoc,True,False
JoeSnauski,MeidasTouch,1,aoc,True,False
JoeSnauski,SenateDems,3,aoc,True,False
JoeSnauski,SkyeDawn,1,aoc,True,True
JoeWhit30367397,BCarbajales64,1,trump,True,False
JoelMar89113021,GuntherEagleman,1,aoc,True,False
John06992115643,SenateDems,1,aoc,True,False
John48312058844,saras76,1,trump,True,False
JohnBosher6,SenateDems,1,aoc,True,False
JohnDoles883733,FilmCriticalEye,1,trump,True,False
JohnDoles883733,moment_mirthful,1,trump,True,False
JohnFNStamos,6537Diamond,1,trump,True,False
JohnFNStamos,XLottery_,1,trump,True,False
JohnFNStamos,pmal5098,1,trump,True,False
JohnGlady4,FloridaMC242,1,aoc,True,False
JohnPaulin8930,DianaforQueens,1,aoc,True,False
JohnWha63608407,SenSchumer,1,aoc,True,False
JohnWha63608407,SenateDems,1,aoc,True,False
JohnWil18569368,SenSchumer,1,aoc,True,False
JohnWil18569368,SenateDems,1,aoc,True,False
JohnnyM45462797,KMagadonian,1,aoc,True,False
JohnnyM45462797,tennismd7,1,aoc,True,True
JohnnyMurica,co3blue,1,aoc,True,True
JohnnyPeppa,IDESPISETWITS,1,aoc,True,False
JohnnyPeppa,leftcoastbabe,1,aoc,True,False
JohnsonHug34031,SenateDems,1,aoc,True,False
Johny_Bender,SenateDems,1,aoc,True,False
Jojofyriot,IDGAFYF,1,trump,True,False
Jojofyriot,MrPitbull07,1,trump,True,False
JolieDr42682712,CaminanteLoc0,2,aoc,True,False
JolieDr42682712,brucebanana92,2,aoc,True,True
Jomatha04439502,ChrisNyamabo,1,aoc,True,False
JonCunn89631756,DianaforQueens,1,aoc,True,False
JonHard07660783,BobRowell1,1,aoc,True,True
JonHard07660783,JoeCitizen15,1,aoc,True,True
JonHard07660783,KaizerNYC,1,aoc,True,True
JonSavoyiSwear,PopTartsdSmores,1,aoc,True,True
JonSavoyiSwear,TardSlapper,1,aoc,True,False
JonathanL309586,EliAfriatISR,1,trump,True,False
JonathanRi5592,DjOmegaMVP,1,aoc,True,False
JorgLaube31751,Krzyszt64455392,1,trump,True,False
JorgLaube31751,Urifa99,1,trump,True,False
Jorizz531960,Make_ItMakeSnse,3,trump,True,False
Jorizz531960,Yemenimilitary,3,trump,True,False
Jorizz531960,erase_life,3,trump,True,False
Jorizz531960,ericburton,3,trump,True,True
JormaTakala,sujithk77695135,1,trump,True,False
Jose_rod80,SenateDems,1,aoc,True,False
JosephMcGillic2,AdamacheGibson,1,trump,True,False
JosephMcGillic2,Primrose771646,1,trump,True,False
JosephMcGillic2,S4ever70,1,trump,True,True
JosephMcGillic2,SWhite80943,1,trump,True,False
JosephMcGillic2,WhiteHouse,1,trump,True,False
JosephMcGillic2,yassirstc,1,trump,True,False
JosephSant71854,DianaforQueens,1,aoc,True,False
JoshuaBradner,JulianaNY1965,1,aoc,True,True
JoshuaW71788347,SenateDems,1,aoc,True,False
Jota1081323,dachshundwizard,1,trump,True,False
Jota1081323,grok,2,trump,True,True
JuanBer66413920,s_m_marandi,1,trump,True,False
JudithNorfleet6,FrankDangelo23,1,trump,True,True
Judy_Barnes1,GodandCountryy,1,trump,True,False
Judy_Barnes1,PerryChomyn,1,trump,True,False
Judybilyeu2,SenSchumer,1,aoc,True,False
Judybilyeu2,SenateDems,1,aoc,True,False
JudysLS,SenateDems,1,aoc,True,False
JulesHumphrys,mattvanswol,1,trump,True,False
Julesjewel71285,SenateDems,1,aoc,True,False
JulianaNY1965,JoshuaBradner,1,aoc,True,True
JuneBos333,SenateDems,1,aoc,True,False
JuneBos333,aliabintsalim2,1,aoc,True,False
Jurerudic,Rollup_News,1,trump,True,True
JustMe231879926,FeliceFontaine,1,trump,True,False
JustReviewz,SenateDems,1,aoc,True,False
Juwxtra,robertsepehr,1,trump,True,False
Jverb423,DianaforQueens,1,aoc,True,False
Jwing_watches,RepFine,2,aoc,True,False
K57801Ken,SenateDems,1,aoc,True,False
K84416Kate,SenateDems,1,aoc,True,False
KASH100AD,F15Synch,1,trump,True,False
KBastasini59624,BillyBaldwin,1,trump,True,False
KBastasini59624,SUBRATA30016572,1,trump,True,False
KCKCBeliever,F15Synch,1,trump,True,False
KCKCBeliever,SenateDems,1,aoc,True,False
KG15638816,SenateDems,1,aoc,True,False
KGisselle,thegreatgig8,1,trump,True,True
KGizit,MAGAMisfit,1,trump,True,False
KJisms,HouseDemocrats,1,aoc,True,False
KJisms,SenSchumer,1,aoc,True,False
KJisms,SenateDems,1,aoc,True,False
KJisms,TheDemocrats,1,aoc,True,False
KaiSloan5,GodandCountryy,1,trump,True,False
KaizerNYC,BobRowell1,1,aoc,True,True
KaizerNYC,JoeCitizen15,1,aoc,True,True
KaizerNYC,TheRealShaneEZ,1,aoc,True,True
KarenDavid47792,KurtSchlichter,1,aoc,True,False
KarlPearce25,NotAvgLiberal,1,trump,True,False
KarstenScott86,DianaforQueens,1,aoc,True,False
KatDow55,JoJoFromJerz,1,aoc,True,False
KatLeTel,BlueATLGeorgia,1,trump,True,False
Katarina4,DianaforQueens,1,aoc,True,False
Katarina4,DjOmegaMVP,1,aoc,True,False
Katarina4,KaizerNYC,1,aoc,True,True
Katarina4,Remzyfit1,1,aoc,True,False
KateLeon170093,8l0tD0ntW1p3,1,trump,True,False
KateLeon170093,GuntherEagleman,1,trump,True,False
KathleenLT,StephenM,1,trump,True,False
Kathy41498437,FullaloveM76310,1,trump,True,True
Kathy41498437,SoleilMiral,1,trump,True,True
KathyFo86698808,MatthewJshow,1,trump,True,False
KathyRomeo7,SenateDems,1,aoc,True,False
KathySmith6215,IfSixWere9,1,trump,True,False
KatzStats,RepFine,1,aoc,True,False
KauffmanJaclyn,CrazyVibes_1,1,trump,True,False
KauffmanJaclyn,Defundmedianow,1,trump,True,False
KauffmanJaclyn,TexasRepublic71,1,trump,True,False
KauffmanJaclyn,johnEiid,1,trump,True,False
KauffmanJaclyn,therabbithole,1,trump,True,False
KauffmanJaclyn,viralvideos,1,trump,True,False
KauffmanJaclyn,wdunlap,1,trump,True,False
Kaylrooney55555,CAPatriotProjct,1,trump,True,False
Keds1250878727,4HumanUnity,1,trump,True,False
Keds1250878727,AmyxForCongress,1,trump,True,False
Keds1250878727,CrazyVibes_1,1,trump,True,False
Keds1250878727,EricLDaugh,1,trump,True,False
Keds1250878727,SonofLiberty357,1,trump,True,False
Keds1250878727,moment_mirthful,2,trump,True,False
Keith29412,i7_95wa,1,aoc,True,False
KeithBa22086886,Fedsurrection20,1,trump,True,False
KeithBa22086886,TONYxTWO,1,trump,True,False
KekNative,DoodlesTrks,2,aoc,True,False
KekNative,Gap422,2,aoc,True,False
KekNative,JoulesMinds,2,aoc,True,False
KekNative,Tgmur,2,aoc,True,True
KekNative,_DamnBucky,2,aoc,True,False
KekNative,fletch_forTRUMP,2,aoc,True,False
KelvinJPersonMe,SenateDems,1,aoc,True,False
KenKiness,GuntherEagleman,2,aoc,True,False
KenKiness,MAGAmoronBeater,2,aoc,True,False
KenNYbUnchained,HVaxxer,1,aoc,True,True
KenNYbUnchained,thecrussian,1,aoc,True,True
KennethCable6,Junebug7966,1,aoc,True,False
KentVogl,SenSchumer,3,aoc,True,False
KentVogl,SenateDems,3,aoc,True,False
KevinMille35163,R0sedean,1,trump,True,False
KevinTheFatKid,SenateDems,1,aoc,True,False
Kground3,SenateDems,1,aoc,True,False
KhanOffchain,ABCDEFxyz88,1,trump,True,False
KhanOffchain,LaunchOnPump,1,trump,True,True
KhanOffchain,X,2,trump,True,False
KhanOffchain,grok,2,trump,True,True
KhanOffchain,launchonpump,1,trump,True,True
Ki_Ch_Y,SenSchumer,1,aoc,True,False
Ki_Ch_Y,SenateDems,1,aoc,True,False
Kikuch1yo,Txu4547,1,aoc,True,True
Kilroy5443,SenateDems,1,aoc,True,False
KimPort42277714,FrankDangelo23,1,trump,True,True
Kimberleycorp,Susan_manag,1,trump,True,False
Kitty_Mama20,SenateDems,1,aoc,True,False
KlingonCome,grok,2,trump,True,True
KnottChu,Ahmed_hassan_za,1,trump,True,False
KnottChu,Middle_Eastern0,1,trump,True,False
KnottChu,RealScottRitter,1,trump,True,False
KnottChu,georgegalloway,1,trump,True,False
Knsberbice,DonaldJfcTrump,1,trump,True,False
KoningBarbosa,k_ovfefe2,1,trump,True,False
Kosmo_Ken,Demosth29104528,1,aoc,True,True
Kosmo_Ken,SenateDems,1,aoc,True,False
KraigNJ66,SenateDems,1,aoc,True,False
KraigNJ66,TinaSmithMN,1,aoc,True,False
KrissDK2,Nick11894,1,trump,True,True
KroenkeFC1,ellavic92,1,trump,True,False
Krypto_Kev_45,saras76,1,aoc,True,False
KuilaSantu40897,zama,1,trump,True,False
LAGatorGal,SenateDems,1,aoc,True,False
LCybularz,SenateDems,1,aoc,True,False
LEOTHELIPPY1,DianaforQueens,1,aoc,True,False
LG4LG,RepFine,1,aoc,True,False
LG4LG,janinedigi,1,aoc,True,True
LG4LG,realMaalouf,1,aoc,True,False
LLeRose17,SenateDems,1,aoc,True,False
LM38667575,NotaRINO2025,1,trump,True,False
LOZ416,ABC7Chicago,1,aoc,True,False
LOZ416,latimes,1,aoc,True,False
LOZ416,nytimes,1,aoc,True,False
LRR1975,SenateDems,1,aoc,True,False
LVALE422901,DonaldTrump,1,trump,True,False
LVALE422901,PressSec,1,trump,True,False
LYourkowski,SenateDems,1,aoc,True,False
LaCima58090539,ecgberht,1,aoc,True,True
LaceysPeople,TheDemocrats,1,aoc,True,False
LadybugCornell,JackPosobiec,1,trump,True,False
LadybugCornell,Sol_Invictus66,1,trump,True,False
LairBear0102,CV_Dalcher,1,aoc,True,True
Landomovingfast,Nick11894,1,trump,True,True
LangleyElla57,AaronHandy59267,1,trump,True,False
LangleyElla57,Airborne_Potato,1,trump,True,False
LangleyElla57,FaceLikeFlint66,1,trump,True,True
LangleyElla57,Fedro6548,1,trump,True,False
LangleyElla57,GearoidNevin,1,trump,True,True
LangleyElla57,Leona10379Brian,1,trump,True,False
LangleyElla57,Pikewich2,1,trump,True,True
LangleyElla57,RobThorton6,1,trump,True,False
LangleyElla57,ShawnSmith88089,1,trump,True,False
LangleyElla57,ZacharyPor67976,1,trump,True,False
LangleyElla57,activepatr,1,trump,True,False
LangleyElla57,carrieri_thomas,1,trump,True,True
LangleyElla57,djohn101,1,trump,True,True
LangleyElla57,duman_mike1968,1,trump,True,True
LangleyElla57,khamenei_ir,1,trump,True,False
LangleyElla57,manuelg0427,1,trump,True,True
LangleyElla57,mickg021,1,trump,True,False
LangleyElla57,parent_divorced,1,trump,True,True
LangleyElla57,parra_josh28371,1,trump,True,True
LangleyElla57,rickmyerscough,1,trump,True,True
LangleyElla57,t0mahwk,1,trump,True,False
Lapo13,Isabel90188740,1,aoc,True,False
LarkinWarren,JoyLaird55688,1,aoc,True,False
Larry2bags,DianaforQueens,1,aoc,True,False
LarrytheBruce,SenateDems,1,aoc,True,False
Larz551935,SenateDems,1,aoc,True,False
LasVegasRounder,RepFine,1,aoc,True,False
LasVegasRounder,SteveInmanUIC,1,aoc,True,False
LaunchOnPump,LaunchOnBags,1,trump,True,False
LaunchOnPump,wired_Avax,1,trump,True,False
LauraBowen71534,DianaforQueens,1,aoc,True,False
LauraBowen71534,WAServers,1,aoc,True,True
LaurieDeva76273,DianaforQueens,1,aoc,True,False
LavenderRouge,SenateDems,1,aoc,True,False
Law814D,JeffRoseTV,1,aoc,True,False
LawhiLeonard2,SenateDems,1,aoc,True,False
Lawlerscott03,SenateDems,1,aoc,True,False
Lebl53326Sherry,dizalifornia,1,trump,True,False
Lebl53326Sherry,nic0polito,1,trump,True,False
LeddZeppyx2s,SimonaMangiante,1,trump,True,True
Lee37683,SenateDems,1,aoc,True,False
LeeXY25,SenateDems,1,aoc,True,False
LefortPhilip,Kobie3408,1,aoc,True,False
LefortPhilip,RepFine,1,aoc,True,False
LefortPhilip,X_StrayDog1,1,aoc,True,False
LefortPhilip,arclumination,1,aoc,True,True
LemonLamplight,ChrisNyamabo,1,aoc,True,False
LemonLamplight,JarJarDankz,1,aoc,True,False
LesMahler2841,SenateDems,1,aoc,True,False
LetsgoB95798548,F15Synch,1,trump,True,False
LetsgoB95798548,critterdude,1,trump,True,False
LewickiLib21260,teapartytempest,1,aoc,True,True
Lexarusa,ChairmanWhatley,1,trump,True,False
Lexarusa,IngrahamAngle75,1,trump,True,False
Lexarusa,POTUS,1,trump,True,False
Lexarusa,RepMTG,1,trump,True,False
Lexarusa,RepPfluger,1,trump,True,False
Lexarusa,RepRonnyJackson,1,trump,True,False
Lexarusa,RepThomasMassie,1,trump,True,False
Lexarusa,RobertKennedyJr,1,trump,True,False
Lexarusa,RogerMarshallMD,1,trump,True,False
Lexarusa,SecDef,1,trump,True,False
Lexarusa,SecScottBessent,1,trump,True,False
Lexarusa,SenRonJohnson,1,trump,True,False
Lexarusa,SenTuberville,1,trump,True,False
LeyvaNango,DianaforQueens,1,aoc,True,False
LiVito69,SenateDems,1,aoc,True,False
LiamHea20900898,Yemenimilitary,1,trump,True,False
Lianes_12,drefanzor,1,trump,True,False
LibDestroyer45,BlueATLGeorgia,1,trump,True,False
LibDestroyer45,StephenM,1,trump,True,False
LibDestroyer45,krassenstein,1,trump,True,False
LibsAreTyrants,officialellymay,1,aoc,True,False
LikeItsFortKnox,Mi111R,1,trump,True,False
LikeItsFortKnox,ZherkaOfficial,1,trump,True,False
LilianaedithU2,SenateDems,1,aoc,True,False
Lilithsgrrl,COMM_NOTED,6,aoc,True,True
Lilithsgrrl,Double_Anarchy3,6,aoc,True,False
Lilithsgrrl,GuntherEagleman,6,aoc,True,False
Lilithsgrrl,SenateDems,6,aoc,True,False
Linda624041714,LauraBr73518600,1,aoc,True,False
Linda624041714,data_republican,1,aoc,True,False
LinkHale,Shanna__Bylka,1,trump,True,False
LionnessMamma,BeYourOwnSpark,1,trump,True,False
LionnessMamma,GuntherEagleman,2,trump,True,False
LionnessMamma,Jes3CAgrl4Life1,1,trump,True,True
LionnessMamma,_iamblakeley,1,trump,True,False
LionnessMamma,amitylee13,1,trump,True,False
LionnessMamma,mattvanswol,1,trump,True,False
LionnessMamma,stockbella,1,trump,True,False
LisaGoe01881181,TheRightMelissa,1,trump,True,False
LisaGoe01881181,k_ovfefe2,3,trump,True,False
LisaLaws22,JordonL61426446,1,trump,True,False
LisaLaws22,Lara_maga47,1,trump,True,False
LisaLaws22,RapidResponse47,1,trump,True,False
LisaRic29195551,SenateDems,1,aoc,True,False
Lisafigo,DidDTrumpDie,1,trump,True,False
Lisafigo,TRUMP_ARMY_,1,trump,True,False
Lisafigo,willdickley82,1,trump,True,False
Lissa4Maga,KGizit,1,trump,True,True
Litsing1Jannine,AprilWineRVA,1,trump,True,False
Litsing1Jannine,IfindRetards,1,trump,True,False
Litsing1Jannine,OneBadDude_,1,trump,True,False
Litsing1Jannine,Op3N_YoUR_3Y3s_,1,trump,True,False
Litsing1Jannine,PATRIOTAIR1,2,trump,True,True
Litsing1Jannine,TRUMP_ARMY_,3,trump,True,False
Litsing1Jannine,k_ovfefe2,2,trump,True,False
Litsing1Jannine,moment_mirthful,1,trump,True,False
LittleKingry0n,IfindRetards,2,trump,True,False
LittleKingry0n,NotaRINO2025,2,trump,True,False
LittleKingry0n,TheMaximumGlove,2,trump,True,True
Liz04050138,DidDTrumpDie,1,trump,True,False
Lk67Lkm,SenSchumer,1,aoc,True,False
Lk67Lkm,SenateDems,1,aoc,True,False
Lo_Scappavia,CricketMaiden88,1,trump,True,False
LoboUrbanoMC,CoinFlipperDude,1,aoc,True,False
Localboob0003,TRUMP_ARMY_,1,trump,True,False
LonghornDavid,FroemelAndy,1,aoc,True,False
LooneyBASZ,WendysMultimed1,1,trump,True,False
LooneyBASZ,grok,2,trump,True,True
LooneyBASZ,outlier_ai_,1,trump,True,False
Lor_blueeyes,Cincinnati_Son,2,trump,True,True
Lord_Radio,saras76,1,trump,True,False
LoriF5674,DianaforQueens,1,aoc,True,False
Lorrain98140369,F15Synch,1,trump,True,False
LoudmouthR,AepokkVulpex,1,aoc,True,True
LoudmouthR,_AlexHirsch,1,aoc,True,False
LouisBa56935033,SenateDems,1,aoc,True,False
Lovelion364024,SenateDems,1,aoc,True,False
Lovesiegra9903,DianaforQueens,1,aoc,True,False
Lovesiegra9903,Foxhound_N10,1,aoc,True,True
Lozza61,RayLangford6119,1,trump,True,True
Lpmc21,SenSchumer,2,aoc,True,False
Lpmc21,SenateDems,1,aoc,True,False
LtJackfromOhio,JanssenJh,1,aoc,True,True
LuannSteph71535,SenateDems,1,aoc,True,False
LuckyMcGee,JeramieSigler,1,aoc,True,True
LuigisLogic,SenateDems,1,aoc,True,False
Lulu25184,SenateDems,1,aoc,True,False
Lunasmith0011,Scott6390188808,1,trump,True,False
LupeVilla19,GuntherEagleman,1,trump,True,False
LupeVilla19,moment_mirthful,1,trump,True,False
LyingMJohnson,1776coldbeers,1,trump,True,False
LyingMJohnson,Emilia__writes,1,trump,True,False
LyingMJohnson,EricLDaugh,1,trump,True,False
LyingMJohnson,GuntherEagleman,2,trump,True,False
LyingMJohnson,PatriotXV11,2,trump,True,False
LyingMJohnson,SUBRATA30016572,1,trump,True,False
LyingMJohnson,TRUMP_ARMY_,2,trump,True,False
LyingMJohnson,lasportenjoyer,1,trump,True,False
LyingMJohnson,saras76,3,trump,True,False
LyleNeal2599417,saras76,1,aoc,True,False
LynnAllen547252,SenSchumer,1,aoc,True,False
LynnAllen547252,SenateDems,1,aoc,True,False
MAGA45RedState,SenateDems,1,aoc,True,False
MFBown,X_StrayDog1,1,aoc,True,False
MFGiardino,ChristinaHambu4,1,trump,True,True
MFGiardino,GodandCountryy,1,trump,True,False
MG6118,Quentin__France,1,trump,True,True
MIckAdler12G,DianaforQueens,2,aoc,True,False
MIckAdler12G,LeftyWinter,1,aoc,True,False
MKNANO1,michael30119600,2,trump,True,False
MKNANO1,oyvindcore,2,trump,True,False
MKNANO1,s_m_marandi,2,trump,True,False
MKNANO1,troypallotto,2,trump,True,False
MKhaaaan1234,grok,1,trump,True,True
MLandstrom2,SenateDems,1,aoc,True,False
MLightwork72107,DTdeadtoday,1,trump,True,False
MLightwork72107,DidDTrumpDie,1,trump,True,False
MLightwork72107,didtrumpdie,1,trump,True,False
MMendel7,SenateDems,1,aoc,True,False
MNguynVn250977,AmericadGreatl,1,trump,True,False
MOStormComing,F15Synch,1,trump,True,False
MS_Haitian,EdKrassen,2,trump,True,False
MS_Haitian,MerichaM70630,1,trump,True,True
MS_Haitian,MotherSusie,1,trump,True,False
MS_Haitian,dana29987,1,trump,True,False
MS_Haitian,krassenstein,1,trump,True,False
MUG_NZT48,EricTrump,1,trump,True,False
MUG_NZT48,Limitless_Token,1,trump,True,False
MUG_NZT48,elonmusk,1,trump,True,False
MUG_NZT48,goozmareli,1,trump,True,False
MaciverClare,NotaRINO2025,1,trump,True,False
Mad63dy,robertsepehr,1,trump,True,False
MadonnaLilB,SenateDems,1,aoc,True,False
MagaUsaAmerica,KaizerNYC,1,aoc,True,True
Magadogmommy,BeckyJB5,1,aoc,True,False
Magadogmommy,CocoJeanne,1,aoc,True,True
Magadogmommy,EllisMcPickle4,1,aoc,True,False
Magadogmommy,EraGem84,1,aoc,True,False
Magadogmommy,GotBadTouched,1,aoc,True,False
Magadogmommy,Hpi48,1,aoc,True,True
Magadogmommy,JakeQ787,1,aoc,True,False
Magadogmommy,RepFine,1,aoc,True,False
Magadogmommy,Roc23211,1,aoc,True,False
Magadogmommy,Segs_Bennedict,1,aoc,True,False
Magadogmommy,SpiritualistTam,1,aoc,True,True
Magadogmommy,TTP2502,1,aoc,True,True
Magadogmommy,Z1300116681,1,aoc,True,False
Magadogmommy,dyl96212177,1,aoc,True,True
Magadogmommy,ixodioxi,3,aoc,True,False
Magadogmommy,jrmckay8,1,aoc,True,False
Magadogmommy,lexilou504,1,aoc,True,False
Magadogmommy,skillet0707,1,aoc,True,False
Magadogmommy,xxxristina423,1,aoc,True,True
Magnoli46798342,TimeToWakeup62,1,trump,True,False
Magnoli46798342,XVanFleet,1,trump,True,False
Magnoli46798342,sicily_angel,1,trump,True,False
Magnus_Veritas,astalavista7566,1,trump,True,True
Magnus_Veritas,robertsepehr,1,trump,True,False
Maizymayz,Bella96588,1,trump,True,False
MakB2020,moment_mirthful,1,trump,True,False
Malcolm17934978,SenateDems,1,aoc,True,False
Mallard55555,SenateDems,1,aoc,True,False
ManascoKatie1,EricLDaugh,1,trump,True,False
ManascoKatie1,MCPonX,1,trump,True,False
ManascoKatie1,alx,1,trump,True,False
ManascoKatie1,floramortonwoo1,1,trump,True,False
ManascoKatie1,lg630416,1,trump,True,False
ManofFreedom777,DianaforQueens,1,aoc,True,False
Marcellawinsto8,GumpBrown,1,aoc,True,False
Marcodeplume,TCallison6969,1,aoc,True,True
Maria_15888,John97836679,1,aoc,True,False
MarieGarrigus2,SenSchumer,1,aoc,True,False
MarieGarrigus2,SenateDems,1,aoc,True,False
MarkCla54781985,livingfree76,1,aoc,True,False
MarkGen48904218,barrontrump_22,1,trump,True,False
MarkGussler,saras76,1,aoc,True,False
MarkJam40797372,Acyn,1,aoc,True,False
MarkJam40797372,GuntherEagleman,1,aoc,True,False
MarkRil65585049,CaminanteLoc0,1,aoc,True,False
MarkRil65585049,JeffRoseTV,2,aoc,True,False
MarkRil65585049,harryjsisson,1,aoc,True,False
MarkRil65585049,krassenparody,1,aoc,True,False
Markdodger12,mira_unrated,1,trump,True,True
Marlowe47367419,shawn4167,1,trump,True,False
MarshaHeflin,Anonymous313786,1,aoc,True,False
Marshal42285771,StephenM,1,trump,True,False
Martiep5ub,DianaforQueens,1,aoc,True,False
MaryPet85948511,Parhamramezani5,1,trump,True,False
MarySmi68196447,DianaforQueens,1,aoc,True,False
MasterJeffK,SenateDems,1,aoc,True,False
Masterofmidgard,krassenstein,1,trump,True,False
Matheus73560965,Wilsonsp0,1,trump,True,False
MattCreigh,SenateDems,1,aoc,True,False
MatthewDisney9,SenateDems,1,aoc,True,False
Mattlell7737,DD_Degreen,1,aoc,True,False
MaureenOBrienO1,SenateDems,2,aoc,True,False
MaureenOBrienO1,johnkiger2,1,aoc,True,True
MaureenOBrienO1,usarocks_c,2,aoc,True,False
MauriceAudo,POTUS,1,trump,True,False
MaximSuvorov,POTUS,1,trump,True,False
MaxxiMaxxd,Dndbreakfast,1,aoc,True,False
MaxxiMaxxd,lovinthepainari,1,aoc,True,False
McFarlaneLyn,SecRubio,1,trump,True,False
McFarlaneLyn,provemewrong411,1,trump,True,False
McGooGa,Daniyah_dd,1,trump,True,False
McSainski,SenateDems,1,aoc,True,False
Mcahit98523754,HTX_DAO,1,trump,True,True
Mcclintock52,AmyxForCongress,1,trump,True,False
Mcclintock52,MontanaSeptic,1,trump,True,False
Mcclintock52,PatriotGirlfrKY,1,trump,True,False
Mcclintock52,Pinello,1,trump,True,False
McconnellN59926,TheImmortal007,1,trump,True,False
McmillanKathi,JackPosobiec,1,trump,True,False
McmillanKathi,mattvanswol,1,trump,True,False
McneilKare95637,SenSchumer,1,aoc,True,False
McneilKare95637,SenateDems,1,aoc,True,False
Mdlt569,LauraLoomer,1,aoc,True,False
MeNotYou_1764,POTUS,2,trump,True,False
Me_Va1e_Madre,SenateDems,1,aoc,True,False
Mechengineer76,Bubblebathgirl,1,aoc,True,True
Mechengineer76,Littleeagle09,1,aoc,True,False
MeganMallory16,Aurkayne,1,trump,True,False
Mehmetoezcan68,saras76,1,trump,True,False
Mellisa83674917,ACO,1,aoc,True,False
Mellon__Follie,quiverumquaerit,1,aoc,True,False
Mellon__Follie,realMaalouf,1,aoc,True,False
Mellon__Follie,shivas_dance,1,aoc,True,False
Memill71,StephenM,1,trump,True,False
Merciless365,Dorota519447900,1,aoc,True,True
Merciless365,edwardyoung21,1,aoc,True,False
MerichaM70630,Anthony11085632,1,trump,True,False
MerichaM70630,EdKrassen,1,trump,True,False
MervynCatherine,JacobDarli80382,2,trump,True,False
MervynCatherine,RealScottRitter,5,trump,True,False
MervynCatherine,djs_deb,1,trump,True,True
MervynCatherine,georgegalloway,5,trump,True,False
MervynCatherine,mahadiso,3,trump,True,True
Mgladone71,TinaTweeker,1,aoc,True,False
Miamifloridasun,Pro__Trading,1,aoc,True,False
Miamifloridasun,SenateDems,1,aoc,True,False
Michael00117729,SenateDems,1,aoc,True,False
Michael45441805,Dansfrmm2,1,trump,True,True
Michael52780825,DravenNoctis,1,trump,True,False
Michael52780825,TanausuX,1,trump,True,False
Michael52780825,Yemenimilitary,2,trump,True,False
Michael98226123,RyderCopeland,1,aoc,True,True
Michael98226123,thecrussian,1,aoc,True,True
MichaelBickett9,Digvija73188705,1,aoc,True,False
MichaelFal30686,ViralNewsNYC,1,trump,True,False
MichaelFonda,JustinBrannan,1,aoc,True,False
MichaelLan6tyi,emjRockstar,1,trump,True,False
MichaelMart1n1,t,1,aoc,True,False
Michele47021626,SenSchumer,1,aoc,True,False
Michele47021626,SenateDems,1,aoc,True,False
MicheleLRuppert,JDVance,1,trump,True,False
MicheleLRuppert,carldemaio,1,trump,True,False
Michell81589614,PatriotForgeUSA,1,trump,True,False
Michell81589614,TriciaC0756,1,trump,True,False
MichelleHDostie,CandiceC75733,1,trump,True,False
MichelleHDostie,LibertyCappy,1,trump,True,False
Micky_Finn,ValentinaForUSA,1,aoc,True,False
MightyTodd1,AmyxForCongress,3,trump,True,False
MightyTodd1,NotaRINO2025,1,trump,True,False
MightyTodd1,Sarah4Trump_,1,trump,True,False
MightyTodd1,WynterRain2,1,trump,True,True
MightyTodd1,digiknowassets,2,trump,True,False
MightyTodd1,krassenstein,1,trump,True,False
MikaMacuk,Firekraker72,1,aoc,True,False
MikaMacuk,SenateDems,1,aoc,True,False
Mike48043925,LincolnsBible,1,aoc,True,False
Mike48043925,SenateDems,1,aoc,True,False
MikeBaltz,DianaforQueens,1,aoc,True,False
MikeDavidShow,IfSixWere9,1,trump,True,False
MikePet19595659,DianaforQueens,1,aoc,True,False
MikeyOZPK15,SenateDems,1,aoc,True,False
Mikeyyn1,T_rashPandada,1,aoc,True,True
Milites_Dei_,Trader183242281,1,aoc,True,False
Millennial_Sav,SenateDems,1,aoc,True,False
Miller123684,Bill93335585224,1,trump,True,False
Miller123684,DravenNoctis,1,trump,True,False
MillzGtr,F15Synch,1,trump,True,False
Minjihiro,googlemaps,1,trump,True,False
MisaghZ60,LindseyGrahamSC,1,trump,True,False
MisaghZ60,POTUS,1,trump,True,False
MisaghZ60,POTUS45,1,trump,True,False
MisaghZ60,SecRubio,1,trump,True,False
MisaghZ60,SenTedCruz,1,trump,True,False
MisaghZ60,TrumpDailyPosts,1,trump,True,False
MisaghZ60,tedcruz,1,trump,True,False
MiseryOps,PCPolice2012,1,aoc,True,True
MissAMD1962,JustinBrannan,1,aoc,True,False
MissDanger_3,SenateDems,1,aoc,True,False
MissJella811,JustinBrannan,1,aoc,True,False
MissMillMoll123,JamieBonkiewicz,1,trump,True,False
MissMillMoll123,Matthewtravis08,1,trump,True,False
MissS83832,SenateDems,1,aoc,True,False
Mitch264,SenSchumer,1,aoc,True,False
Mitch264,SenateDems,1,aoc,True,False
MizzMandaLay,arcachronica,1,trump,True,False
MjSwan198026,Acringeguy56,2,trump,True,False
MjSwan198026,American4plstin,1,trump,True,False
MjSwan198026,Benja_THFC,2,trump,True,False
MjSwan198026,DidDTrumpDie,3,trump,True,False
MjSwan198026,RpsAgainstTrump,3,trump,True,False
MjSwan198026,Tom_8907,1,trump,True,False
MjSwan198026,xIsraelExposedx,1,trump,True,True
ModerateInSEA,SenateDems,1,aoc,True,False
Momma44Susan,M4Defense,1,aoc,True,False
Momma44Susan,kwasny007,1,aoc,True,False
MontanaGirl0512,Bubblebathgirl,2,aoc,True,True
MontanaGirl0512,Irreverent888,1,aoc,True,True
MontanaGirl0512,RealKeatonHobby,1,aoc,True,False
MontneyScott,XVanFleet,1,trump,True,False
Monty4G63,ShahzadMatloob1,1,trump,True,False
Monty4G63,Yemenimilitary,1,trump,True,False
MoomaCat,SenateDems,1,aoc,True,False
Moonknight1988,F15Synch,1,trump,True,False
Morealtorz,SoleilMiral,1,trump,True,True
MortIcia11a,SenateDems,1,aoc,True,False
MostoyzwinAl,SenateDems,4,aoc,True,False
MountainGRRL68,Mad__Patriot,1,aoc,True,False
MrAnarhlyst,OopsSOLOG,1,trump,True,False
MrbossOfficiial,CollumClinton,1,trump,True,False
MrbossOfficiial,swagdaddy239991,1,trump,True,False
MrsErodvold1101,SenateDems,1,aoc,True,False
MsTadaGaloot,aaqibali90,1,trump,True,False
MtnChippewa,Nick11894,1,trump,True,True
MullerFredrik,GuinevereStMax,1,aoc,True,False
MullerFredrik,catturd2,1,aoc,True,False
MurkyWate,JustinBrannan,1,aoc,True,False
MusicMa72603992,BirdmanK007,1,trump,True,False
MusicMa72603992,kkage19,1,trump,True,False
MusicMa72603992,sentdefender,2,trump,True,False
MusicTheDope,ChristinaHambu4,1,trump,True,True
MusicTheDope,VanemuineK3577,1,trump,True,True
MusicTheDope,glennLusk1,1,trump,True,True
MyCozySoul,AmyxForCongress,3,trump,True,False
MyCozySoul,felkerm11,1,trump,True,False
MyCozySoul,melsorbit,1,trump,True,False
MyNetConsultant,AI77265458,2,aoc,True,True
MyNetConsultant,ChrisNyamabo,2,aoc,True,False
MyStupidFace_,SenateDems,1,aoc,True,False
MzPetuniaPigg,DefiyantlyFree,1,aoc,True,False
N0t_Benny,SenateDems,1,aoc,True,False
N3VURMYND,FreedomUSANews,11,aoc,True,True
N3VURMYND,MitchellNussba1,11,aoc,True,False
N3VURMYND,RealDarkKitteee,11,aoc,True,True
N3VURMYND,jammles9,11,aoc,True,False
N3ginseydabadi,grok,1,trump,True,True
NAnyaoha76344,Slothspepe,1,trump,True,False
NChile84651,ValentinaForUSA,1,trump,True,False
NMsomaji,MerylsaMess,1,aoc,True,False
NMsomaji,kay_dub_h,1,aoc,True,False
NOTfunnyparanR,GerardoHLA,4,aoc,True,False
NOTfunnyparanR,fivehorses6,4,aoc,True,False
NPCOffender,Shanna__Bylka,1,trump,True,False
NSpears1972,oknewsm,1,trump,True,False
NWO_IS_187,Ilhan,1,aoc,True,False
NYMetterbocker,thecrussian,1,aoc,True,True
NYMike410,SenateDems,1,aoc,True,False
NadlerJanet,henrydonaldleo,1,trump,True,False
NaiZeni,DianaforQueens,1,aoc,True,False
NaijaKid234,badcomedypod,1,trump,True,True
Namedi1,NotaRINO2025,1,trump,True,False
NancyMarti61822,s_m_marandi,1,trump,True,False
NancyMu00740413,wvpocahontas,1,trump,True,True
NathanGKHoy,SenateDems,1,aoc,True,False
NautibyN,ChrisNyamabo,1,aoc,True,False
NavaWevo,CrazyVibes_1,1,trump,True,False
NaveenM46899876,jio_fibre58325,1,trump,True,False
NavyCorpsmanVet,Yemenimilitary,2,trump,True,False
NazBolKing,TdBaileyypfj,6,aoc,True,True
NekoSilverleaf,AscensionRex,1,aoc,True,True
NessStanley,BigDrew1979,1,trump,True,False
NessStanley,sandraroyce0,1,trump,True,False
Nevaeh1st,worldunfolded_,1,trump,True,True
NewAgeCastro,KrsForce,1,trump,True,False
NewAgeCastro,krassenstein,1,trump,True,False
NewAgeCastro,livgraham01,1,trump,True,False
NewDayNewsom,I_stir_pot,1,aoc,True,True
NewDayNewsom,SenateDems,1,aoc,True,False
NewRightBrooke,SenateDems,1,aoc,True,False
Nick86397793,SenateDems,1,aoc,True,False
NickCar84713161,DidDTrumpDie,1,trump,True,False
NicoleC04816085,GuntherEagleman,1,aoc,True,False
NicoleC04816085,TheChrisFagin,1,aoc,True,False
NikkiRocky50413,BassoffBiba,1,trump,True,True
NikkiRocky50413,krassenstein,1,trump,True,False
NimoyDavid22194,Ahmed4Kp,4,trump,True,False
NimoyDavid22194,Jman6942069,1,trump,True,False
NimoyDavid22194,Skraparesk,3,trump,True,False
NimoyDavid22194,Yemenimilitary,4,trump,True,False
NimoyDavid22194,jgilli9,4,trump,True,False
Nin3rs4Lif3,DjOmegaMVP,1,aoc,True,False
NinDonovan,GerardoHLA,1,aoc,True,False
NinaEstevez,sou_da_direita,1,trump,True,False
Nirtep1,CheesyGroyper,1,trump,True,False
Nirtep1,Eman856,1,trump,True,False
NixJon25813,DankJesusMemesX,1,aoc,True,False
NixJon25813,jammles9,1,aoc,True,False
Noelle1989252,GavinNewsom,1,trump,True,False
NoncnsnsalTruth,Trader183242281,1,aoc,True,False
NoochintheNati,SenateDems,1,aoc,True,False
NorthernCalJim,CA_Dem,1,aoc,True,False
NorthernCalJim,TheDemocrats,1,aoc,True,False
NorthernCalJim,nydems,1,aoc,True,False
NortonPilot,avibebert,1,aoc,True,False
Nser8960,SenateDems,1,aoc,True,False
Nuggets47193360,BiggPeee,1,trump,True,False
Nuggets47193360,ishqasaanni,1,trump,True,False
Nuggets47193360,suzy141277,1,trump,True,False
NunzRich,JustinBrannan,1,aoc,True,False
OOTD95307,CynicalPublius,1,aoc,True,False
OOTD95307,data_republican,1,aoc,True,False
OOTD95307,wasatchdotco,1,aoc,True,False
OakSmith2018,Stella302917413,2,trump,True,False
OakSmith2018,seanepugh,2,trump,True,True
Obeyroxanna,DaveForres30764,1,trump,True,False
OhBlondie66,FLOTUS,1,trump,True,False
OhBlondie66,POTUS,1,trump,True,False
Oketaolegun100,PumpDotFunGuy,1,trump,True,False
Oklahoma___Kid,JohnnyVomits,1,aoc,True,False
Oklahoma___Kid,mehdirhasan,1,aoc,True,False
Olaadewale2324,grok,1,trump,True,True
Old_Grumpy_Lady,F15Synch,1,trump,True,False
Old_Millennia1,8MUERTE8,1,aoc,True,False
Old_Millennia1,Engineer_Hasn,3,aoc,True,True
Old_Millennia1,RepFine,1,aoc,True,False
Old_Millennia1,Vieux_Charles,2,aoc,True,False
Old_Millennia1,janinedigi,1,aoc,True,True
Old_Millennia1,realMaalouf,5,aoc,True,False
Olerdolenca,Firefish655,1,trump,True,False
Olerdolenca,moment_mirthful,3,trump,True,False
Olerdolenca,robertsepehr,1,trump,True,False
OlgaEspinoza137,B7frankH,2,trump,True,False
OlgaEspinoza137,Bubblebathgirl,1,trump,True,True
OlgaEspinoza137,LibertyCappy,1,trump,True,False
OlgaEspinoza137,MarkleMarkles,1,trump,True,False
OlgaEspinoza137,MattyWorthy32B,1,trump,True,False
OlgaEspinoza137,TheGeopol,1,trump,True,False
OlgaEspinoza137,_iamblakeley,1,trump,True,False
OmatseyeClarke,grok,6,trump,True,True
OmeletteWhere,SenateDems,1,aoc,True,False
Omr200mph,KMagadonian,1,aoc,True,False
OnDough,SenateDems,1,aoc,True,False
OptimusSolo,rjfitz4321,1,aoc,True,True
Optimus_Inc,SenateDems,1,aoc,True,False
Optimus_Inc,nerfherder73,1,aoc,True,False
Orbital035,1984mz,1,aoc,True,False
Orbital035,Politicsworld,1,aoc,True,True
Orions_oma,lamps_apple,1,aoc,True,False
Orlando95251918,StephenM,1,trump,True,False
Ortiz_Palmeiras,RoKhanna,1,aoc,True,False
OttoPaulinus,ConcreteXCrypto,1,trump,True,False
OttoPaulinus,Grok,1,trump,True,True
OusdaleSolis,StephenM,1,trump,True,False
Out5p0ken,SharonJ03626335,1,trump,True,True
Out5p0ken,y_monsoon,1,trump,True,True
P4Pandora666,SnowflakeSlayr1,1,aoc,True,False
PATRIOTAIR1,Litsing1Jannine,2,trump,True,True
PATRIOTAIR1,POTUS,1,trump,True,False
PATRIOTAIR1,TRUMP_ARMY_,3,trump,True,False
PCPolice2012,MiseryOps,1,aoc,True,True
PDewille,Danscavino789,1,trump,True,False
PKasbohm,SenSchumer,1,aoc,True,False
PKasbohm,SenateDems,1,aoc,True,False
PLB1931,Pascal23y,1,trump,True,False
PMgeezer,RadioFreeStPaul,1,aoc,True,False
POGActual75,SenateDems,1,aoc,True,False
PRiot2050,DianaforQueens,1,aoc,True,False
PRnDCSportFan,Sly28265,1,aoc,True,False
PRnDCSportFan,skiesunknown_,1,aoc,True,False
PYshelves,DavidLHillPA,1,aoc,True,True
PYshelves,Dndbreakfast,1,aoc,True,False
PYshelves,Politicsworld,1,aoc,True,True
PYshelves,grok,1,aoc,True,True
PaceIsWrong,BillOReilly,1,trump,True,False
PaceIsWrong,FoxNews,1,trump,True,False
PaceIsWrong,JDVance,1,trump,True,False
PaceIsWrong,JoeSquawk,1,trump,True,False
PaceIsWrong,KatiePavlich,1,trump,True,False
PaceIsWrong,MariaBartiromo,1,trump,True,False
PaceIsWrong,NEWSMAX,1,trump,True,False
PaceIsWrong,NHL,1,trump,True,False
PaceIsWrong,Olympics,1,trump,True,False
PaceIsWrong,POTUS,1,trump,True,False
PaceIsWrong,SaraEisen,1,trump,True,False
PaceIsWrong,StephenM,1,trump,True,False
PaceIsWrong,TeamUSA,1,trump,True,False
PaceIsWrong,WhiteHouse,1,trump,True,False
PaceIsWrong,elonmusk,1,trump,True,False
PaceIsWrong,nypost,1,trump,True,False
PaceIsWrong,seanhannity,1,trump,True,False
PaceIsWrong,thepwhlofficial,1,trump,True,False
PaceIsWrong,usahockey,1,trump,True,False
PaceIsWrong,zerohedge,1,trump,True,False
PalenSimona,ChristinaHambu4,1,trump,True,True
PalenSimona,IanJaeger29,1,trump,True,False
PalenSimona,TRUMP_ARMY_,1,trump,True,False
PalenSimona,matt_vanswol,1,trump,True,False
PalenSimona,resnick0528,1,trump,True,False
PamAlva40225715,thegreatgig8,1,trump,True,True
PamLinerKafir,Coste1Costello,1,aoc,True,False
PamLinerKafir,FozonCapital,1,aoc,True,False
PamLinerKafir,_sha256_512,1,aoc,True,False
PamLinerKafir,aliabintsalim2,1,aoc,True,False
PamelaK9090,SenateDems,1,aoc,True,False
PantsuTaigas,Rickypolit19896,2,aoc,True,False
PantsuTaigas,catturd2,2,aoc,True,False
PantsuTaigas,jimiDude123,2,aoc,True,True
PapaDaddio72,F0XYOU,1,aoc,True,False
PapapasRevenge,Jaxinthejungle,1,trump,True,True
PapapasRevenge,Trump_Regrets,1,trump,True,False
Papayaman13,Eldigeed,1,trump,True,False
Papayaman13,VerminusM,1,trump,True,False
Papayaman13,Yemenimilitary,1,trump,True,False
ParalaxView,SenateDems,1,aoc,True,False
Pasadena212,SenSchumer,1,aoc,True,False
Pasadena212,SenateDems,1,aoc,True,False
PatLadner51558,mmpadellan,1,trump,True,False
Patrici90587344,krassenstein,1,trump,True,False
PatriciaRSchmid,MAGAPosts,1,trump,True,False
PatriciaRSchmid,bevgkratz,1,trump,True,True
Patrick98608564,SUBRATA30016572,1,trump,True,False
Patriot1Parents,TheFl0orIsLaVa,1,trump,True,False
Patriot1Parents,lodjohnson62,1,trump,True,False
PatriotCop173,SenateDems,1,aoc,True,False
Patriot_NiNi,POTUS,1,trump,True,False
Patriot_NiNi,StephenM,1,trump,True,False
Patrioticgolfer,angelena558,1,trump,True,False
Patriotway56,DianaforQueens,3,aoc,True,False
Patriotway56,Foxhound_N10,1,aoc,True,True
Patriotway56,GSwarthout,1,aoc,True,True
Patriotway56,prolifeai,1,aoc,True,True
PattyH7678,moment_mirthful,1,trump,True,False
PaulJoseBrain,Keir_Starmer,1,trump,True,False
PaulJoseBrain,YvetteCooperMP,2,trump,True,False
PaulMar53540012,X_StrayDog1,1,aoc,True,False
PaulToohey2,ShadowyGhost,1,trump,True,False
PaulToohey2,Yemenimilitary,1,trump,True,False
PaulToohey2,aclownin1,1,trump,True,True
PaulaJarrett16,SenSchumer,1,aoc,True,False
PaulaJarrett16,SenateDems,1,aoc,True,False
Paulexmarve,Arcamagdalene,1,trump,True,False
Pebo007_iam,AliciaO913203,1,trump,True,False
Pebo007_iam,CrazyVibes_1,5,trump,True,False
Pebo007_iam,EricLDaugh,2,trump,True,False
Pebo007_iam,J_Dorsey3,1,trump,True,False
Pebo007_iam,JosephGelman,1,trump,True,False
Pebo007_iam,Magnus_Veritas,3,trump,True,True
Pebo007_iam,Pietrospiz8310,1,trump,True,False
Pebo007_iam,RebeccalynnE16,2,trump,True,False
Pebo007_iam,Sarah4Trump_,1,trump,True,False
Pebo007_iam,SarahAllisonFl,1,trump,True,False
Pebo007_iam,Zaxon551,1,trump,True,False
Pebo007_iam,kinglimecat,3,trump,True,False
Pebo007_iam,krassenstein,4,trump,True,False
Pebo007_iam,marcjef,1,trump,True,False
Pebo007_iam,mybailee86,5,trump,True,True
Pebo007_iam,robertsepehr,6,trump,True,False
Pebo007_iam,schmo_joe32393,1,trump,True,False
Pebo007_iam,tukel81s,2,trump,True,False
PeopleRTarded,ChrisNyamabo,1,aoc,True,False
PerrionTalents,0xSerik,2,trump,True,False
PerrionTalents,LaunchOnPump,2,trump,True,True
PerrionTalents,X,2,trump,True,False
PerrionTalents,grok,2,trump,True,True
Persianproud77,LindseyGrahamSC,1,trump,True,False
PeteCerva,ginwoolie,1,trump,True,False
PeteCerva,jammles9,1,trump,True,False
PeterKaltsas,Fishingin828,1,aoc,True,True
Pettifogger2021,DianaforQueens,1,aoc,True,False
Phamtast1cal,JohnnyVomits,1,aoc,True,False
Phamtast1cal,mehdirhasan,1,aoc,True,False
Phil121753,TedWilcox7,1,aoc,True,False
Phil121753,jrgoob,1,aoc,True,True
PhilBear,SenateDems,1,aoc,True,False
PhilipLieb60095,SenateDems,1,aoc,True,False
PhilipRLeodoro,SenateDems,1,aoc,True,False
Phoen1xBlack,LeftismForU,1,aoc,True,False
Phoen1xBlack,Patriotic4Jesus,1,aoc,True,False
PibsnLola,SenateDems,1,aoc,True,False
PixelPhantomH8R,harryjsisson,1,aoc,True,False
PixieC123,DianaforQueens,1,aoc,True,False
Plasticwasteguy,SenateDems,1,aoc,True,False
PokemonWraith,Bmmoody,1,aoc,True,True
PokemonWraith,DianaforQueens,1,aoc,True,False
PokemonWraith,Ron_Frances72,1,aoc,True,True
PolOffside,RealBrittHughes,1,aoc,True,False
Politicsworld,DianaforQueens,1,aoc,True,False
PolkJohnpolkjr,SenateDems,1,aoc,True,False
PooreCarl96120,FrankDangelo23,1,trump,True,True
PopTartsdSmores,JonSavoyiSwear,17,aoc,True,True
PopTartsdSmores,TardSlapper,17,aoc,True,False
PopTartsdSmores,teapartytempest,16,aoc,True,True
PossumPrincess6,NataliaWay24299,2,trump,True,False
PossumPrincess6,cattmono,1,trump,True,False
PossumPrincess6,qasubilla,1,trump,True,False
Pp52544156,pitifulpeeps,1,aoc,True,False
Pr0fess0rSmack,SenateDems,1,aoc,True,False
PranabPReal,StephenM,1,trump,True,False
PreetiS05185097,matt_vanswol,1,trump,True,False
Pressure_cookr,GodandCountryy,1,trump,True,False
Pressure_cookr,TheGlobal_Index,1,trump,True,False
Prideaux483,DianaforQueens,1,aoc,True,False
Pro4e,grok,1,trump,True,True
ProGenius01,Slothspepe,1,trump,True,False
ProjctThinking,HouseDemocrats,1,aoc,True,False
ProjctThinking,RepDanGoldman,1,aoc,True,False
ProjctThinking,RepRoKhanna,1,aoc,True,False
ProjctThinking,SenAdamSchiff,1,aoc,True,False
ProjctThinking,SenAmyKlobuchar,1,aoc,True,False
ProjctThinking,SenSanders,1,aoc,True,False
ProjctThinking,SenSchumer,2,aoc,True,False
ProjctThinking,SenWarren,1,aoc,True,False
ProjctThinking,SenateDems,2,aoc,True,False
PsiEnigma,CaseyKeri,1,aoc,True,False
PsiEnigma,SMTUSCG,1,aoc,True,False
PsyopWrangler,SenateDems,1,aoc,True,False
PunyFishNuts,AjayjawalkarAJ,2,trump,True,False
PunyFishNuts,shmorten2,2,trump,True,False
Purdy8Sal,DanielleChown,1,trump,True,False
Purdy8Sal,HaojieX9588,1,trump,True,True
Purdy8Sal,cathynumber5,1,trump,True,True
Purdy8Sal,xIsraelExposedx,1,trump,True,True
PurrdyPawws,Razing_Caine,1,trump,True,False
PyeZysz9fOpXJf5,Bmmoody,1,aoc,True,True
PyeZysz9fOpXJf5,DianaforQueens,2,aoc,True,False
PyroFritz,ZohranKMamdani,1,aoc,True,False
PyroGamingHound,SenFettermanPA,1,aoc,True,False
PyroGamingHound,SenateDems,1,aoc,True,False
QnMoneyy,krassenstein,1,trump,True,False
QnMoneyy,massrealty,1,trump,True,True
QueenSnowBunBun,F15Synch,1,trump,True,False
Quentin__France,MG6118,2,trump,True,True
R4ND0M_G00N,DidDTrumpDie,1,trump,True,False
RAFlorin01,nso456,1,aoc,True,False
RDisagree,SenateDems,1,aoc,True,False
RER1962,SenateDems,1,aoc,True,False
RHP1148,Politicsworld,1,aoc,True,True
RHP1148,aliabintsalim2,1,aoc,True,False
RHilton72149,StephenM,1,trump,True,False
RJB06953045,ILA_NewsX,1,trump,True,False
RKlodawski,MuellerSheWrote,1,aoc,True,False
RKnyazhevsky,Israel,1,trump,True,False
RModerate88543,JustinBrannan,1,aoc,True,False
RMyers47,DianaforQueens,1,aoc,True,False
RRazavi65207,SinaHesari,1,aoc,True,False
RachelKnig53840,SenSchumer,1,aoc,True,False
RachelKnig53840,SenateDems,1,aoc,True,False
RachelleAd69731,leftcoastbabe,2,aoc,True,False
RachelleAd69731,siskaren13,2,aoc,True,True
RadarLove49,SenSchumer,1,aoc,True,False
RadarLove49,SenateDems,1,aoc,True,False
RagoMaria1,AGPamBondi,1,aoc,True,False
RagoMaria1,SenateDems,1,aoc,True,False
RainierTracy,SenateDems,1,aoc,True,False
RajAniket20867,grok,2,trump,True,True
Raja897847,Sonia_Mendoza9,1,trump,True,False
RamenEnjoyers13,SenateDems,1,aoc,True,False
Rand1818A,SenateDems,1,aoc,True,False
RandallDavidMo2,DianaforQueens,1,aoc,True,False
Random586573075,BellucciTaj,2,aoc,True,False
Random586573075,grok,2,aoc,True,True
Random586573075,visegrad24,2,aoc,True,False
RandyAdams55,GretchenCarlson,1,trump,True,False
RandyRiblett,peterefeob49041,3,trump,True,True
RandyRiblett,sarahwills9219,1,trump,True,False
Rapidfire816,iAmSean010,1,trump,True,False
RatEatingCheeto,GalleryStClair,1,trump,True,False
Ravanelli1996,naomi_x_nada,1,aoc,True,True
Ravanelli1996,realMaalouf,1,aoc,True,False
RawRumblehub333,Yemenimilitary,1,trump,True,False
RayBert5eb,SenateDems,1,aoc,True,False
RayzillaMC,RepFine,1,aoc,True,False
RayzillaMC,astroboy2072,1,aoc,True,False
RealAndersonBen,RiseoftheDalek,1,trump,True,True
RealAndersonBen,thegreatgig8,1,trump,True,True
RealDarkKitteee,FreedomUSANews,1,aoc,True,True
RealDarkKitteee,MitchellNussba1,1,aoc,True,False
RealDarkKitteee,N3VURMYND,1,aoc,True,True
RealDarkKitteee,jammles9,2,aoc,True,False
RealDavidMcCoy1,hasanthehun,1,trump,True,False
RealJamesRyan76,ocastell,1,aoc,True,False
RealNAlbertson,F15Synch,1,trump,True,False
RealProfSnark,SenateDems,1,aoc,True,False
RealTalkBo66972,jacksonhinklle,1,trump,True,False
RealXBailey,CaroleB36109751,1,aoc,True,True
Real_MrEd,AbbyMartin,1,trump,True,False
Real_MrEd,AnaKasparian,1,trump,True,False
Real_Trend_line,SenateDems,1,aoc,True,False
Realjaprince,SenateDems,1,aoc,True,False
RedDr0gon,SenSchumer,1,aoc,True,False
RedDr0gon,SenateDems,1,aoc,True,False
RedTex1690,Aanchalflying55,1,trump,True,False
RedTex1690,aaqibali90,1,trump,True,False
RedTex1690,random5781,1,trump,True,False
RedaAzzam950742,Lanzony1,2,trump,True,False
RedaAzzam950742,Sarah4Trump_,2,trump,True,False
ReelRepublican,chinchat09,1,trump,True,False
ReeseTheSloth1,DianaforQueens,1,aoc,True,False
ReinsteinAG,AndrewGilmerUS,1,aoc,True,False
RelentlessLaman,DianaforQueens,1,aoc,True,False
ReneeODell15,POTUS44,1,aoc,True,False
ReneeODell15,SenateDems,1,aoc,True,False
ReneeSamShaffer,DianaforQueens,1,aoc,True,False
Renokenopam,SarcasmStardust,2,trump,True,False
Resinplanter,CaminanteLoc0,1,aoc,True,False
Retarmy01,SenateDems,1,aoc,True,False
RevolutionOU812,SenateDems,1,aoc,True,False
Rhino53236675,1lFU183115,1,trump,True,False
Rhino53236675,PeacenMEast,1,trump,True,False
Rhodes304,F15Synch,1,trump,True,False
Rhodes304,critterdude,1,trump,True,False
Richard4m,Acyn,1,aoc,True,False
Richard4m,Bullseyebil,1,aoc,True,False
Richard4m,GuntherEagleman,1,aoc,True,False
Richard_C137,SenateDems,1,aoc,True,False
RidgeTv185641,SenateDems,1,aoc,True,False
RingosSports,SenateDems,1,aoc,True,False
RiseoftheDalek,RealAndersonBen,3,trump,True,True
RiseoftheDalek,thegreatgig8,5,trump,True,True
RitaLuther2,krassenstein,1,trump,True,False
RitahWanyenya,TransBeverly0,1,trump,True,False
Rizzydam,KurtSchlichter,1,aoc,True,False
Rizzydam,tbojo10,1,aoc,True,False
RobBellone,Okidelic,1,aoc,True,False
RobBellone,_AlexHirsch,1,aoc,True,False
RobFurie,SenateDems,2,aoc,True,False
Rob_Mahar07,SenateDems,1,aoc,True,False
RobertD300,Ahmed_hassan_za,1,trump,True,False
RobertEhring,RL9631,1,trump,True,False
RobertoGreenpi2,allgoodmight,1,trump,True,True
RobertoGreenpi2,grok,1,trump,True,True
RobinMcBri76568,SenateDems,1,aoc,True,False
RoboCopDiva,DianaforQueens,1,aoc,True,False
RockHardDicks,DianaforQueens,1,aoc,True,False
RockinBlondee,Arr3ch0,1,trump,True,False
RockinBlondee,grok,1,trump,True,True
RockinBlondee,jaime_kann,1,trump,True,False
RodaWhitney,SenateDems,1,aoc,True,False
RogueColonist,JustinBrannan,1,aoc,True,False
RogueColonist,siskaren13,1,aoc,True,True
Rokeniswatching,IfSixWere9,1,trump,True,False
Rokeniswatching,cjVonTanner,1,trump,True,False
Rollup_News,Jurerudic,1,trump,True,True
Rollup_News,Torito00Trueno,1,trump,True,False
Rollup_News,Whizzy_of_web3,1,trump,True,True
Rollup_News,satoshi_makachi,1,trump,True,False
RonG87424999093,saras76,2,aoc,True,False
RonStock7,jammles9,1,aoc,True,False
Ron_Frances72,Bmmoody,1,aoc,True,True
Ron_Frances72,DianaforQueens,2,aoc,True,False
Ron_O_Connell,SenateDems,1,aoc,True,False
RonnieIsaacs3,SenateDems,1,aoc,True,False
RonnieLong83859,EricLDaugh,1,trump,True,False
RonnieLong83859,GuntherEagleman,1,trump,True,False
RonnieM28641,i7_95wa,1,aoc,True,False
RoozbehAfshar,elonmusk,1,trump,True,False
Roscalata3,ReallyCams,1,trump,True,False
Roscalata3,maggiewise111,1,trump,True,False
Rose534n6gf,feri521,1,trump,True,True
RoseAndParis,CoinFlipperDude,1,aoc,True,False
Rossi_1200,Rossi_1200,1,trump,True,True
RoumieJona96334,POTUS,1,trump,True,False
RoumieJona96334,msjane9janie,1,trump,True,False
Rowdy2735,SenateDems,1,aoc,True,False
Roxy1709943368,DianaforQueens,1,aoc,True,False
Rrhodesnc,SenateDems,1,aoc,True,False
Ru4E,BlueATLGeorgia,1,trump,True,False
RubyD_JinaG,SUBRATA30016572,1,trump,True,False
RubyRed1496799,SenSchumer,1,aoc,True,False
RubyRed1496799,SenateDems,1,aoc,True,False
Rubymay6314721,Charles71410634,1,trump,True,False
RubyzRobert333,GodandCountryy,1,trump,True,False
RussellBurner2,JeffRoseTV,1,aoc,True,False
RussellMacGa,SenateDems,1,aoc,True,False
RussianMeddler,StephenM,2,trump,True,False
RustinCLee,SenateDems,1,aoc,True,False
RustyMcRusty,Samrknight,1,trump,True,False
RustyMcRusty,mmpadellan,1,trump,True,False
RyanFromBuffalo,SenateDems,1,aoc,True,False
RyderCopeland,Xemployeessuck,1,aoc,True,True
RyderCopeland,thecrussian,1,aoc,True,True
SAM410_2005,DianaforQueens,1,aoc,True,False
SAlnyl44663,TheMobRules73,1,trump,True,False
SAlnyl44663,Yemenimilitary,1,trump,True,False
SAlnyl44663,e_dreme,1,trump,True,False
SCColberg,SenateDems,1,aoc,True,False
SECRET69969969,robhimsis,1,trump,True,False
SElli1374,SenateDems,1,aoc,True,False
SGT_Sox,DianaforQueens,1,aoc,True,False
SKing08453151,SenateDems,1,aoc,True,False
SNOOPREY77,DaliaFrede47357,2,trump,True,False
SRenFreedom,TheDemocrats,1,aoc,True,False
SSWILK1,EdOGrady1,1,aoc,True,False
SSWILK1,TheHer0ofCanton,1,aoc,True,False
SSWILK1,X_StrayDog1,3,aoc,True,False
SSWILK1,colin_sausage,1,aoc,True,False
STEVESM44528821,SUBRATA30016572,1,trump,True,False
S_enderas,ahmadslmanx,1,trump,True,False
SabrinaBarlow15,CrazyVibes_1,1,trump,True,False
SabrinaBarlow15,TRUMP_ARMY_,1,trump,True,False
SadMeal8,MattMCcusk85842,1,aoc,True,False
SadeCiera,CoinFlipperDude,1,aoc,True,False
SadeCiera,Goodnightmoone1,1,aoc,True,True
SallyGorham,SenSchumer,1,aoc,True,False
SallyGorham,SenateDems,1,aoc,True,False
SaltyBahstin,F15Synch,1,trump,True,False
SaltyGoodness1,PolitcalHobo,16,aoc,True,False
SaltyGoodness1,SenateDems,16,aoc,True,False
SamShie45082796,SandRepeat,1,trump,True,True
SamThom10627412,DaniMayakovski,1,trump,True,False
SamThom10627412,RedPilled_Siren,1,trump,True,False
SamThom10627412,allgoodmight,1,trump,True,True
SamThom10627412,grok,1,trump,True,True
SamThom10627412,s_m_marandi,1,trump,True,False
SamaelLucian13,JaredaB4013,11,trump,True,False
SamanthaSm80363,HeidyTL,1,trump,True,False
SamanthaSm80363,MajLibtard,1,trump,True,False
SamanthaSm80363,TONYxTWO,3,trump,True,False
SamanthaSm80363,TenforJ,1,trump,True,False
SamanthaSm80363,chinchat09,1,trump,True,False
SamanthaSm80363,k_ovfefe2,1,trump,True,False
SamsoniteMad,SenateDems,1,aoc,True,False
SanaullahAfd1,sexysandra436,1,trump,True,False
SandRepeat,SamShie45082796,1,trump,True,True
Sandra0410S,LeftAngleNews1,1,trump,True,False
Sandra0410S,MaileOnX,1,trump,True,False
Sandra0410S,ScottGo23943099,1,trump,True,False
Sandra0410S,VideogameFan1,1,trump,True,True
Sandra0410S,elonmusk,1,trump,True,False
SandyADriver,TheRightMelissa,1,trump,True,False
SandyADriver,moment_mirthful,1,trump,True,False
SandySaville2,Carmen078215654,1,trump,True,True
SandySaville2,Cucker_Farlson,1,trump,True,False
SandySaville2,DonaldJTrumpJr,1,trump,True,False
SandySaville2,GodDoggit,1,trump,True,False
SandySaville2,JamieBonkiewicz,1,trump,True,False
SandySaville2,Matthewtravis08,4,trump,True,False
SandySaville2,NotAvgLiberal,1,trump,True,False
SandySaville2,PamBondi,1,trump,True,False
SandySaville2,Pruthv_i_raj,1,trump,True,False
SandySaville2,Sec_Noem,1,trump,True,False
SandySaville2,alinic1996,1,trump,True,False
SandySaville2,grok,1,trump,True,True
SandySaville2,lilgoomba911,1,trump,True,False
SandySaville2,msGrassharp,1,trump,True,False
SanjayMaindola,AnmarieKaiser,1,trump,True,False
SarahJ4EvrSioux,Ilhan,1,aoc,True,False
SardiLilia,TheSportPigeon,2,aoc,True,True
SardiLilia,grok,1,aoc,True,True
SashidoZerako,Yemenimilitary,2,trump,True,False
Sass_Lynn45,SenateDems,1,aoc,True,False
SatherJt,F15Synch,1,trump,True,False
SaudiTesla1,realtalkstruth,1,trump,True,False
Sauteedtwice,SenateDems,1,aoc,True,False
SaveTheBigGuy,FBIDirectorKash,1,aoc,True,False
SaveTheBigGuy,HouseDemocrats,1,aoc,True,False
SaveTheBigGuy,KJisms,1,aoc,True,True
SaveTheBigGuy,SenSchumer,1,aoc,True,False
SaveTheBigGuy,SenateDems,1,aoc,True,False
SaveTheBigGuy,TheDemocrats,1,aoc,True,False
Save_the_Poors,DorLinder,1,trump,True,False
Save_the_Poors,RealScottRitter,1,trump,True,False
Scald68299,aliabintsalim2,1,aoc,True,False
Scalie_WeirdO,desertfox122,1,trump,True,False
SchroederFFarm,SenateDems,1,aoc,True,False
SchwarmDean,k_ovfefe2,1,trump,True,False
SchwarmDean,pjk101408,1,trump,True,True
Scis60833Edward,RepFine,1,aoc,True,False
Scott14251,MajorityPAC,1,aoc,True,False
Scott14251,SenSchumer,1,aoc,True,False
Scott14251,SenateDems,1,aoc,True,False
Scott14251,hpyarali2020,1,aoc,True,False
ScottLingard5,SenateDems,1,aoc,True,False
Sddddd679805,allgoodmight,6,trump,True,True
Sddddd679805,grok,6,trump,True,True
Sddddd679805,olivierarsene,6,trump,True,False
Sea1964E,DianaforQueens,2,aoc,True,False
Sea1964E,prolifeai,1,aoc,True,True
SeaSel,SenateDems,1,aoc,True,False
SeanCamp99,Jaxinthejungle,1,trump,True,True
SeidrMadrLGRW,SenateDems,1,aoc,True,False
SenMatiasPR,Acyn,1,aoc,True,False
SenMatiasPR,GuntherEagleman,1,aoc,True,False
Sephir369,duman_mike1968,2,trump,True,True
SeraphimND1989,Beancat65,1,trump,True,False
SeraphimND1989,SAIFRASHID2,2,trump,True,False
SeraphimND1989,WhatsupWinning,1,trump,True,False
SeraphimND1989,pmitton1,1,trump,True,False
SerenaSobrino,SenateDems,1,aoc,True,False
SergioMorai,Yemenimilitary,1,trump,True,False
Serious_Garbo,grok,1,trump,True,True
SeshmiH,NotaRINO2025,1,trump,True,False
SevenStarsFall,quabisradish,1,trump,True,False
SevenStarsFall,s_m_marandi,1,trump,True,False
Shad4TRUMP,Yemenimilitary,1,trump,True,False
ShadyValleyTn,moment_mirthful,1,trump,True,False
Shalevlori,KevinHarley5,1,aoc,True,False
Shamrockdave11,Miller5678678,1,trump,True,False
Sharebear42034,FaisalMans89140,1,aoc,True,False
Sharebear42034,realMaalouf,1,aoc,True,False
Sharleen1934485,DianaforQueens,1,aoc,True,False
SharonAspd66063,frye33702,1,trump,True,False
SharonAspd66063,waldopierce317,1,trump,True,False
SharonFabi98577,F15Synch,1,trump,True,False
SharonJ03626335,Out5p0ken,5,trump,True,True
SharonJ03626335,grok,3,trump,True,True
SharonJ03626335,y_monsoon,5,trump,True,True
ShaunRWong,SenateDems,1,aoc,True,False
ShayanMujtabaa,Sarah4Trump_,1,trump,True,False
SheedomUSA,SenateDems,2,aoc,True,False
SheepleBreaker,DC_Patriot000,1,trump,True,False
SheepleBreaker,GottliebKruse,1,trump,True,False
SheepleBreaker,HenryOGW2,1,trump,True,False
SheepleBreaker,LAccount11,1,trump,True,False
SheepleBreaker,Obese_RTcatfish,1,trump,True,False
SheepleBreaker,bummrush69,1,trump,True,False
ShellyBeanns,krassenstein,1,trump,True,False
Shenanigans_4u,ChristinaHambu4,1,trump,True,True
Shenanigans_4u,Defundmedianow,1,trump,True,False
Shenanigans_4u,GodandCountryy,1,trump,True,False
Shenanigans_4u,Primrose771646,1,trump,True,False
Shenanigans_4u,rosejam181920,1,trump,True,False
SherrillBob1311,SenateDems,1,aoc,True,False
Sheryl761600,BernieSanders,1,aoc,True,False
Sheryl761600,SenateDems,2,aoc,True,False
Sheryl761600,SpeakerPelosi,1,aoc,True,False
Shib2aPenny,DianaforQueens,1,aoc,True,False
ShiffardDDeuce,DianaforQueens,2,aoc,True,False
ShiffardDDeuce,WAServers,1,aoc,True,True
Shiftagirl,FrankDangelo23,1,trump,True,True
Shin01176,SenateDems,1,aoc,True,False
ShivRaj62113,BBCWorld,1,trump,True,False
ShivRaj62113,DarthPutinKGB,1,trump,True,False
ShivRaj62113,IvankaTrump,1,trump,True,False
ShivRaj62113,POTUS,1,trump,True,False
ShivRaj62113,abhisar_sharma,1,trump,True,False
ShivRaj62113,cnni,1,trump,True,False
ShivRaj62113,narendramodi,1,trump,True,False
ShivRaj62113,timesofindia,1,trump,True,False
ShivRaj62113,usnews,1,trump,True,False
ShockerTruth,PeacenMEast,1,trump,True,False
SibsonMichael,ChristinaHambu4,4,trump,True,True
SibsonMichael,SurfBird99,1,trump,True,False
SibsonMichael,TRUMP_ARMY_,1,trump,True,False
SibsonMichael,garcia_jul77106,1,trump,True,False
SibsonMichael,krassenstein,1,trump,True,False
Silverbell4you2,DianaforQueens,1,aoc,True,False
SimonaMangiante,ver69319541,1,trump,True,True
Simply4Truth_,SenateDems,1,aoc,True,False
SindyEskue,F15Synch,1,trump,True,False
SininStyle,saras76,1,aoc,True,False
SirMims,SenateDems,1,aoc,True,False
Skeeter482,TRUMP_ARMY_,3,trump,True,False
SkinnyBoneDon,Kahlissee,1,trump,True,False
SkinnyBoneDon,RyanMN296448,1,trump,True,False
SkinnyFuck5,GuntherEagleman,1,aoc,True,False
SkinnyFuck5,birdungus,1,aoc,True,False
SkyeDawn,AlbieAlDem96253,1,aoc,True,True
SkyeDawn,SenateDems,1,aoc,True,False
Skyriver7117,MZHemingway,1,aoc,True,False
Skyriver7117,joshuarolson,1,aoc,True,False
Slaneshza,DjOmegaMVP,1,aoc,True,False
Slaneshza,KaizerNYC,1,aoc,True,True
SleepingGiantLA,StephenM,1,trump,True,False
SlimGudda007,TheDemocrats,2,aoc,True,False
SmileyIrina,DisaverioPatty,1,trump,True,False
SmileyIrina,TRUMP_ARMY_,2,trump,True,False
SmileyIrina,miller_deb7820,1,trump,True,False
Smithy_Smithy,ChannyVie,1,aoc,True,False
Smithy_Smithy,CoinFlipperDude,1,aoc,True,False
SoRoPhD,MELANIATRUMP,1,trump,True,False
SoSorryNewHere,DianaforQueens,1,aoc,True,False
SolidStrife31,thegreatgig8,1,trump,True,True
Somewhat_Bi,CoinFlipperDude,1,aoc,True,False
Somto6177021,PumpDotFunGuy,1,trump,True,False
SonomaScanners,SenateDems,1,aoc,True,False
SonomaScanners,Taceyking,1,aoc,True,True
SophiaLouiseNo1,RepSwalwell,1,aoc,True,False
SophiaTDog1,CoinFlipperDude,1,aoc,True,False
SophiaTDog1,SenateDems,1,aoc,True,False
Sortafunnyandy,realMaalouf,1,aoc,True,False
SouthernCOGirl,SenateDems,1,aoc,True,False
SpiritedWarrio1,SenateDems,1,aoc,True,False
SpiritualSF_17,Stacey_Freedom1,1,trump,True,False
SpiritualistTam,Magadogmommy,1,aoc,True,True
SpiritualistTam,masonbo,1,aoc,True,True
SpiritualistTam,tspooky,1,aoc,True,False
Sportzfan225,RogerOdessey,1,aoc,True,False
SpriggsLin6513,xdownfall7x,1,trump,True,False
SquireRj71399,BillyBaldwin,1,trump,True,False
SrujanAlluri01,JDVance,2,trump,True,False
SrujanAlluri01,PeteHegseth,1,trump,True,False
StabMastaArson,krassenstein,1,trump,True,False
Stacy_g52,SenateDems,1,aoc,True,False
StalinMegan,SenateDems,1,aoc,True,False
Stamina712,GodandCountryy,4,trump,True,False
Stamina712,TRUMP_ARMY_,3,trump,True,False
Starlinkfarm186,StephenM,1,trump,True,False
Stayfrothty,Txu4547,1,aoc,True,True
Steffenpaul123,Neumangrace11,1,trump,True,False
StellorRebecca,DianaforQueens,1,aoc,True,False
Stenny1287,SenateDems,1,aoc,True,False
Stephan22504860,SenateDems,1,aoc,True,False
Stephen_Bocek,SenateDems,1,aoc,True,False
Stephenfittness,DianaforQueens,4,aoc,True,False
Sterzy34,TRUMP_ARMY_,1,trump,True,False
StevePPhill,SenateDems,1,aoc,True,False
SteveThomas832,YourAnonNews,1,trump,True,False
Stevehaspeeves,bigmikeoblock,2,trump,True,True
Stevehaspeeves,krassenstein,1,trump,True,False
StevieW64261083,RpsAgainstTrump,1,trump,True,False
Stickkeystone,DianaforQueens,1,aoc,True,False
Stinkshovel,DianaforQueens,4,aoc,True,False
Stinkshovel,WAServers,1,aoc,True,True
Stinkshovel,badspeed66,2,aoc,True,True
Stinkshovel,leftcoastindy,1,aoc,True,True
Stinkshovel,teapartytempest,1,aoc,True,True
Stoictimes,SenateDems,1,aoc,True,False
StoreClerkAndy,Cupid1776,1,aoc,True,False
StoreClerkAndy,TheUnitedSpot__,1,aoc,True,True
StrosHitByPitch,DianaforQueens,1,aoc,True,False
StubbZdNb,aaqibali90,1,trump,True,False
SugarbritchesM,SenateDems,1,aoc,True,False
SummerRosedays,Architectolder,1,aoc,True,False
SummerRosedays,The_Gooseinator,1,aoc,True,False
SunshineS58469,F15Synch,1,trump,True,False
SuperChicken25,DianaforQueens,1,aoc,True,False
SuperDaveO1,SenateDems,1,aoc,True,False
SusanM51356,888inUSA,1,trump,True,False
SusanM51356,ICEgov,1,trump,True,False
SusieDevine14,ALS715SR,2,trump,True,True
Suzanne3631,Jesswang2010,1,trump,True,False
SvitlaUA,ValentinaForUSA,2,trump,True,False
SvitlaUA,xbtbabe,1,trump,True,False
Sweden4Trump,AmericaShaman,1,trump,True,False
Sweetdr17415071,FrankDangelo23,1,trump,True,True
SyariflexLex,DravenNoctis,1,trump,True,False
Sylvia61325,MjSwan198026,1,trump,True,True
SyndicatedNews,TRUMP_ARMY_,1,trump,True,False
TKemp853803,KhaOmm,1,trump,True,False
TLoughlin,BeYourOwnSpark,1,trump,True,False
TM72774,SenateDems,1,aoc,True,False
TMcentire66412,TexasRepublic71,1,trump,True,False
TMinpin,robertsepehr,1,trump,True,False
TPoole2013,arcachronica,1,trump,True,False
TREV19a,DianaforQueens,1,aoc,True,False
TTNSSE,SenSchumer,1,aoc,True,False
TTNSSE,SenateDems,1,aoc,True,False
TTP2502,Magadogmommy,5,aoc,True,True
TTP2502,xxxristina423,5,aoc,True,True
T_rashPandada,Claudia44959719,1,aoc,True,True
T_rashPandada,SenateDems,1,aoc,True,False
Taceyking,SenateDems,1,aoc,True,False
TakedownMRAs,Ryan_In_Mi,4,aoc,True,False
TakedownMRAs,SenateDems,4,aoc,True,False
TakedownMRAs,lori_gaddie,4,aoc,True,True
Tami06202139,harryjsisson,1,aoc,True,False
TampaMami,Kobie3408,1,aoc,True,False
TampaMami,RepFine,1,aoc,True,False
TampaMami,X_StrayDog1,1,aoc,True,False
TasmanianTracy,GuntherEagleman,1,aoc,True,False
TawfiqEZz,dshensmith,1,aoc,True,False
TazioGNuvolari,brkohn,2,aoc,True,False
TdBaileyypfj,NazBolKing,5,aoc,True,True
Teddy32021,CptAncapistan,1,trump,True,False
TeeRat821450,SenateDems,1,aoc,True,False
Teotihuacan7777,TheDemocrats,1,aoc,True,False
Teppei_s_,KeepOnesHopesUp,1,trump,True,False
Teppei_s_,qmap17eri,1,trump,True,False
TerriCh21571896,DidDTrumpDie,1,trump,True,False
TerriCh21571896,motals_must_die,1,trump,True,False
Terry7617194791,SpaceX_Ceo_91,1,trump,True,False
TerryLe05875012,DianaforQueens,1,aoc,True,False
TerrySt27078896,susanloveUSA7,1,trump,True,False
TetsuoBronson,DavidLHillPA,1,aoc,True,True
TetsuoBronson,Dndbreakfast,1,aoc,True,False
TetsuoBronson,grok,1,aoc,True,True
Teukel21381,Chesschick01,1,trump,True,False
TexasStrong59,TACO99509,1,aoc,True,True
Tgmur,DoodlesTrks,2,aoc,True,False
Tgmur,Gap422,2,aoc,True,False
Tgmur,JoulesMinds,2,aoc,True,False
Tgmur,KekNative,2,aoc,True,True
Tgmur,_DamnBucky,2,aoc,True,False
Tgmur,fletch_forTRUMP,2,aoc,True,False
ThatNYPunk,DianaforQueens,1,aoc,True,False
ThatOneNuge,krassenstein,2,trump,True,False
Thatgothguy_,NHabari1088,1,trump,True,False
The1776Rubicon,DidDTrumpDie,1,trump,True,False
TheIdahoWriter,BeYourOwnSpark,1,trump,True,False
TheIdahoWriter,CBoutell,1,trump,True,False
TheKingMaz,TheRISEofROD,1,trump,True,False
TheKingMaz,ff3k1984,1,trump,True,False
TheLoneWolfTM,SenateDems,1,aoc,True,False
TheMaximumGlove,IfindRetards,1,trump,True,False
TheMaximumGlove,LittleKingry0n,1,trump,True,True
TheMaximumGlove,NotaRINO2025,1,trump,True,False
TheNCAirman,AustinCappsMO,1,aoc,True,False
TheNCAirman,IsItCotton,1,aoc,True,False
TheNCAirman,SenateDems,2,aoc,True,False
TheRealLynguini,SenateDems,1,aoc,True,False
TheRealNevinII,LeaderJohnThune,1,aoc,True,False
TheRealNevinII,SenSchumer,1,aoc,True,False
TheRealNevinII,SenateDems,1,aoc,True,False
TheRealProphet6,SenateDems,1,aoc,True,False
TheRealShaneEZ,BobRowell1,1,aoc,True,True
TheRealShaneEZ,JoeCitizen15,2,aoc,True,True
TheRealShaneEZ,KaizerNYC,3,aoc,True,True
TheRealShaneEZ,spinbox1,1,aoc,True,False
TheRealUncleGo2,Ilhan,2,aoc,True,False
TheRealUncleGo2,kissmecareful,1,aoc,True,True
TheReallTopG,grok,1,trump,True,True
TheSchwami21,SenateDems,1,aoc,True,False
TheSigna1,s_m_marandi,1,trump,True,False
TheSkipbowski,DianaforQueens,1,aoc,True,False
TheSkipbowski,Wess_Miller,1,aoc,True,True
TheSportPigeon,Darealynsny,47,aoc,True,True
TheSportPigeon,Jaythewolf1,51,aoc,True,True
TheSportPigeon,SardiLilia,8,aoc,True,True
TheSportPigeon,TokyoRobb,38,aoc,True,True
TheSportPigeon,biobiogirl1,1,aoc,True,True
TheSportPigeon,grok,32,aoc,True,True
TheSportPigeon,teapartytempest,3,aoc,True,True
TheUnitedSpot__,DianaforQueens,1,aoc,True,False
TheVailingBow,n1ghtkitten,1,aoc,True,False
The_ChatMan,CAMallory2,1,trump,True,False
The_ChatMan,IvankaNews_,1,trump,True,False
The_ChatMan,Tekspecz,1,trump,True,False
Thehandiest16,Middle_Eastern0,1,trump,True,False
TherealPVO22,actblue,1,aoc,True,False
Theseaofreedom,DoviFrances1,1,trump,True,False
TheyRYou2,SenSchumer,1,aoc,True,False
TheyRYou2,SenateDems,1,aoc,True,False
ThomasD97772,SenateDems,1,aoc,True,False
ThomasL82367977,NobodymrRobert,1,trump,True,False
ThomasLeon22572,donnacolley_6,1,aoc,True,False
ThomasXMorrison,saras76,1,aoc,True,False
Thomasolivia26,SwankD6163,1,trump,True,False
Thorgodsthunder,freemanslady,1,trump,True,False
Tim650i,SenateDems,1,aoc,True,False
Tim650i,T3rriClark,1,aoc,True,False
TimHaye28625903,Yemenimilitary,1,trump,True,False
TiredofPCCrap,JeffreyMar27718,1,aoc,True,True
Tirionwith,jammles9,1,aoc,True,False
TkKoza,SenateDems,1,aoc,True,False
TkKoza,TheDemocrats,1,aoc,True,False
ToBluesky24,Chicago1Ray,1,aoc,True,False
ToBluesky24,SteveSample22,1,aoc,True,False
ToLegit2Quit_50,AustinMill53406,1,trump,True,False
Toast_Boy_,NotaRINO2025,1,trump,True,False
ToddModpod,s_m_marandi,1,trump,True,False
Todomz,RandomTheGuy_,1,trump,True,False
TogTrue,SenateDems,1,aoc,True,False
TokyoRobb,CoinFlipperDude,1,aoc,True,False
TokyoRobb,TheSportPigeon,24,aoc,True,True
TokyoRobb,grok,16,aoc,True,True
Toledo_Doc,FozonCapital,1,aoc,True,False
Tom439076619834,Fx1Jonny,1,trump,True,False
TomJoad2Night,DianaforQueens,1,aoc,True,False
TomicusMaximus,FeliceFontaine,1,trump,True,False
ToniGering,DianaforQueens,1,aoc,True,False
ToniGering,SenateDems,1,aoc,True,False
Tony79thST,RepJeffries,1,aoc,True,False
Tony79thST,SenateDems,1,aoc,True,False
TonyT81535,HonestApeNYC,1,aoc,True,True
TonyT81535,KaizerNYC,1,aoc,True,True
TonyTone0077,andrewilliamsus,1,aoc,True,False
TonyTone0077,harryjsisson,1,aoc,True,False
TopHat75396797,TheFl0orIsLaVa,1,trump,True,False
TopHat75396797,s_m_marandi,1,trump,True,False
Towelie_KiLLz,DidDTrumpDie,1,trump,True,False
Towelie_KiLLz,JamieBonkiewicz,1,trump,True,False
TrappedInFlesh,jazzfan71,1,aoc,True,True
TrappedInFlesh,missgreenbeanz1,1,aoc,True,True
TravelerJim1,Defundmedianow,1,trump,True,False
Trepper66,SenateDems,1,aoc,True,False
TrevorToonArt,dane001,1,aoc,True,False
TrevorToonArt,just_meggggg,1,aoc,True,True
TrevorWard69041,POTUS,1,trump,True,False
TrevorWard69041,Scavino47,1,trump,True,False
TrevorWard69041,SimonHarrisTD,1,trump,True,False
Tribul82come,DianaforQueens,1,aoc,True,False
Trinakqtk,DianaforQueens,1,aoc,True,False
TrojanFever,CDUB901,1,aoc,True,False
TrojanFever,JayTC53,1,aoc,True,False
TrojanFever,KringleKnish,1,aoc,True,False
TrojanFever,ShockadelicaTL,1,aoc,True,False
Trouthungry,Elonmusk742074,1,trump,True,False
Trumpeter61,Bununmachuckle,1,aoc,True,True
TrumpsterTrash,LoriZuba1,1,aoc,True,False
Truptastic1994,SenateDems,1,aoc,True,False
TruthFrag,1Nicdar,1,aoc,True,False
TruthFrag,ElRalphing,1,aoc,True,False
TruthSpeakerIAM,naomiseibt,1,trump,True,False
Ttopcat333,TheRightMelissa,1,trump,True,False
Ttopcat333,pjk101408,1,trump,True,True
TuanCNguye64598,FFT1776,1,trump,True,False
TuncdorukUnal,krassenstein,2,trump,True,False
TurtleSmasher61,Nick11894,1,trump,True,True
Tux_Rules,CaminanteLoc0,1,aoc,True,False
Twillybits789,frost47015,1,trump,True,True
TwitWannabee,SenateDems,1,aoc,True,False
Txu4547,jmattesonh,2,aoc,True,True
TylerA6566,DravenNoctis,1,trump,True,False
TylerA6566,gawddess_aura,1,trump,True,True
UNCLEELROY01,SenateDems,1,aoc,True,False
UNITEDINDINDIAN,AbuSaeed1007,1,trump,True,False
USA_MO25,SenateDems,1,aoc,True,False
USMCridgerunner,SenateDems,1,aoc,True,False
US_Hopes,moment_mirthful,1,trump,True,False
Ultimatewebtasm,TheRightMelissa,2,trump,True,False
UmmNadia,chinchat09,1,trump,True,False
UndeadCowboy11,NickJFreitas,1,aoc,True,False
UneekSolutions,MerruX,3,trump,True,False
UneekSolutions,NotDevers,3,trump,True,False
Uniparty_Cabal,NoPardonNeeded,1,aoc,True,False
Uniparty_Cabal,Politicsworld,1,aoc,True,True
Uniparty_Cabal,SenateDems,3,aoc,True,False
Uniparty_Cabal,pattycake49246,1,aoc,True,True
Unpublishednews,TenforJ,1,trump,True,False
Unsilent_TX,Dembeforetrump,1,aoc,True,False
Ussyevaaa,CricketMaiden88,1,trump,True,False
VPL2259,AnotherOne311,5,trump,True,False
VPL2259,BobJohn19566709,5,trump,True,True
VPL2259,mattvanswol,5,trump,True,False
VStakeumms,VinylsandNylons,1,aoc,True,True
VTourchi,SHuARi99,1,trump,True,True
ValerieS29700,CrazyVibes_1,1,trump,True,False
ValorVDC,DianaforQueens,1,aoc,True,False
VanHoose2024,AGPamBondi,2,trump,True,False
VanHoose2024,CAgovernor,1,trump,True,False
VanHoose2024,FBIDirectorKash,2,trump,True,False
VanHoose2024,ILA_NewsX,1,trump,True,False
VanHoose2024,MayorOfLA,1,trump,True,False
VanHoose2024,POTUS,1,trump,True,False
VanHoose2024,PatriotXV11,1,trump,True,False
VanMitchell60,Yemenimilitary,2,trump,True,False
VanemuineK3577,StephenM,1,trump,True,False
Vasso364,spreadlove2024,1,aoc,True,False
VeronikaRun13,Bubblebathgirl,1,trump,True,True
VeronikaRun13,saras76,1,trump,True,False
ViLLADAwxICoSH,CoinFlipperDude,5,aoc,True,False
ViLLADAwxICoSH,astorcaeli,5,aoc,True,True
Vibbyboo10,s_m_marandi,1,trump,True,False
VictoriaBr34719,SenSchumer,1,aoc,True,False
VictoriaBr34719,SenateDems,1,aoc,True,False
VictoryKemp,CyberTruck__CEO,1,trump,True,False
VictoryKemp,cris1surf,1,trump,True,False
VideogameFan1,GROKAGI_CTO,1,trump,True,False
VideogameFan1,KJNO816,1,trump,True,False
VideogameFan1,LeftAngleNews1,2,trump,True,False
VideogameFan1,MaileOnX,3,trump,True,False
VideogameFan1,Sandra0410S,2,trump,True,True
VideogameFan1,ScottGo23943099,2,trump,True,False
VideogameFan1,elonmusk,3,trump,True,False
VideogameFan1,nolietees,1,trump,True,False
VindexLives,SenateDems,1,aoc,True,False
ViperGreen9,UN,1,trump,True,False
Vitaman364,SenateDems,1,aoc,True,False
VitriJanet,SenateDems,1,aoc,True,False
ViuhkoSusanna,VepsaToni,1,trump,True,False
VnzlnosenRD,dw_espanol,1,trump,True,False
Vorrviss,MuellerSheWrote,1,aoc,True,False
Vorrviss,SenJohnKennedy,1,aoc,True,False
VuraSharon,SenSchumer,2,aoc,True,False
VuraSharon,SenateDems,2,aoc,True,False
W92352348Debbie,TheEricF_Trump,1,trump,True,False
WAServers,DianaforQueens,1,aoc,True,False
WalksfarwolfSL,Politicsworld,1,aoc,True,True
WalterS36800238,MuellerSheWrote,1,aoc,True,False
WalterS36800238,SenJohnKennedy,1,aoc,True,False
Walz4prison,SenSanders,1,aoc,True,False
Walz4prison,SenSchumer,1,aoc,True,False
Walz4prison,SenWarren,1,aoc,True,False
Warner97803H,KaizerNYC,1,aoc,True,True
Watchyomouth304,lonelyfireflyX,1,trump,True,False
WeGhoStyle,EviLFranchise,1,aoc,True,False
WeGhoStyle,SenateDems,2,aoc,True,False
WeGhoStyle,SkyeDawn,2,aoc,True,True
WeGhoStyle,johnkiger2,1,aoc,True,True
WebbWe06075626,SenSchumer,1,aoc,True,False
WebbWe06075626,SenateDems,1,aoc,True,False
WebbieDedden,DianaforQueens,1,aoc,True,False
WenzNoVaxx,SenSchumer,2,aoc,True,False
WenzNoVaxx,SenateDems,2,aoc,True,False
Wess_Miller,DianaforQueens,3,aoc,True,False
Wess_Miller,jerr28090,1,aoc,True,True
West701PSN,ValentinaForUSA,1,trump,True,False
WesternWatts,GuntherEagleman,3,trump,True,False
WesternWatts,IanComeau,1,trump,True,False
WesternWatts,johnbugay,1,trump,True,False
WesternWatts,mwmoney10,1,trump,True,True
WesternWatts,patriothq,2,trump,True,False
WestmanDavid,BarackObama,1,trump,True,False
Whizzy_of_web3,rollup_news,1,trump,True,True
WhyMultifamily,AlexDeLargeNV,1,aoc,True,False
WhyMultifamily,KurtSchlichter,1,aoc,True,False
WildBill905,SenateDems,1,aoc,True,False
WileyBillwiley9,RichardStiller4,1,trump,True,False
WilheminaFoxx,asra_sdh,2,trump,True,True
WilheminaFoxx,elonmusk,2,trump,True,False
WillWells52618,musk_officl_00,1,trump,True,False
Willbuildatow,SenSchumer,2,aoc,True,False
Willbuildatow,SenateDems,1,aoc,True,False
William448017,JustinTrudeau,3,trump,True,False
WilliamSurrett6,SenateDems,1,aoc,True,False
WinDespi,FloridaMC242,1,aoc,True,False
WingYour,Nick11894,1,trump,True,True
WingsWettedDown,SellaSfitri,1,trump,True,False
WinstonWalenski,X_StrayDog1,1,aoc,True,False
WinstonWalenski,delsolo96,1,aoc,True,False
WitCephandrius,DavidLHillPA,2,aoc,True,True
WitCephandrius,grok,2,aoc,True,True
Witcheswitch,EricLDaugh,1,trump,True,False
WolfDev9,grok,1,trump,True,True
WooThe910,SenateDems,1,aoc,True,False
WooWooSpaceJew,PeetEyes,1,trump,True,False
WooWooSpaceJew,TomJChicago,1,trump,True,False
Woodland1159,SevenStarsFall,1,trump,True,True
WorldPeaceWaxx,Magadogmommy,1,aoc,True,True
WrenMartin2023,1Nicdar,1,aoc,True,False
WrenMartin2023,jalpineo,1,aoc,True,False
Wwolfhunt,ADevotedYogi,1,trump,True,False
Wyattsalgado1,TheRightMelissa,1,trump,True,False
Wyattsalgado1,moment_mirthful,1,trump,True,False
WynterRain2,AmyxForCongress,1,trump,True,False
WynterRain2,MightyTodd1,1,trump,True,True
WynterRain2,digiknowassets,1,trump,True,False
X8kQCWlXlp49533,qmap17eri,1,trump,True,False
XCitizenXX,krassenstein,1,trump,True,False
XDSleepyXD,elonmusk,1,aoc,True,False
XGiNaB2424X,DianaforQueens,1,aoc,True,False
Xemployeessuck,Greenslate84147,1,aoc,True,False
Xemployeessuck,HVaxxer,1,aoc,True,True
Xemployeessuck,Law814D,1,aoc,True,True
Xemployeessuck,Oh_You_Bastard,1,aoc,True,False
Xemployeessuck,RyderCopeland,4,aoc,True,True
Xemployeessuck,Spiracle666,1,aoc,True,False
Xemployeessuck,brucebanana92,1,aoc,True,True
Xemployeessuck,deoinsandersbro,1,aoc,True,False
Xemployeessuck,jimmypancakes23,1,aoc,True,False
Xemployeessuck,krassenparody,1,aoc,True,False
Xemployeessuck,paradigmsolves,1,aoc,True,False
Xemployeessuck,thecrussian,8,aoc,True,True
Xi58834Xi,4HumanUnity,1,trump,True,False
Xi58834Xi,GuntherEagleman,1,trump,True,False
Xi58834Xi,IanJaeger29,1,trump,True,False
Xi58834Xi,SonofLiberty357,1,trump,True,False
Xi58834Xi,TexasRepublic71,1,trump,True,False
Xi58834Xi,ZherkaOfficial,1,trump,True,False
Xi58834Xi,alifarhat79,1,trump,True,False
XianMycroft,mirsole187,11,trump,True,True
Xsaata,0xSerik,1,trump,True,False
Xsaata,LaunchOnPump,1,trump,True,True
Xsaata,X,1,trump,True,False
Xsaata,grok,1,trump,True,True
YAYA4676,F15Synch,1,trump,True,False
Ya_Gb20,CoinFlipperDude,1,aoc,True,False
Ya_Gb20,SenateDems,1,aoc,True,False
YadiraVargasTi1,StephenM,1,trump,True,False
Yadirabornaceli,IfSixWere9,1,trump,True,False
Yarmitnasa,TransBeverly0,1,trump,True,False
YaygenMaster,JustAJaneJ,1,trump,True,False
YiannisDeligia5,provemewrong411,1,trump,True,False
YortukFestrunk_,InfiniteEmf,1,trump,True,False
YortukFestrunk_,ReasonUnchains,2,trump,True,False
YoungYou11239,SenateDems,1,aoc,True,False
YourSocialIdiot,GavinNewsom,1,trump,True,False
Youvoted4dis,Nick11894,1,trump,True,True
Za_white01,PumpDotFunGuy,1,trump,True,False
Zachary02480085,H_H_Ellekaer,4,trump,True,True
ZaydinTTV,Nick11894,1,trump,True,True
Zaynebks,ChrisNyamabo,2,aoc,True,False
Zaynebks,DavidRa35079025,1,aoc,True,False
Zaynebks,LemonLamplight,2,aoc,True,True
Zeferzoio,SenateDems,1,aoc,True,False
ZephyrNCC17011,Sigmund46221199,1,trump,True,False
ZephyrNCC17011,TyOnTheInternet,1,trump,True,False
ZeroPageX,Dndbreakfast,1,aoc,True,False
ZeroPageX,FaithOverFear47,1,aoc,True,False
Ziari4,barrontrump709,1,trump,True,False
Zmwtak,BuzzPatterson,1,aoc,True,False
Zmwtak,Don_Vito_08,1,aoc,True,False
Zmwtak,X_StrayDog1,1,aoc,True,False
ZoomOutBy,DianaforQueens,1,aoc,True,False
Zuniga1940,RepFine,1,aoc,True,False
_DSKEPTIC_,SenateDems,1,aoc,True,False
_DrFred_,TheRightMelissa,1,trump,True,False
_DrFred_,pjk101408,1,trump,True,True
_EyeOf_TheTiger,DianaforQueens,1,aoc,True,False
_Firulita,BeBestNOW,1,aoc,True,True
_Firulita,realMaalouf,1,aoc,True,False
_JoHnNa_SwEnSeN,ljperk41,1,trump,True,True
_LapsisBeeftech,0hour1,1,aoc,True,False
_PrinceOfAce,GingerGirl1974,1,trump,True,False
_PrinceOfAce,TRUMP_ARMY_,1,trump,True,False
_a_n_d_re_w_,Dan_Brisbois,1,trump,True,False
_a_n_d_re_w_,IfSixWere9,1,trump,True,False
_a_n_d_re_w_,Jackkane53,1,trump,True,False
_a_n_d_re_w_,QuantumOfQ,1,trump,True,False
_a_n_d_re_w_,Rokeniswatching,1,trump,True,True
_a_n_d_re_w_,YouriDB,1,trump,True,False
_a_n_d_re_w_,avileo156,1,trump,True,False
_a_n_d_re_w_,cjVonTanner,1,trump,True,False
_thenowjones,DjOmegaMVP,1,aoc,True,False
_thenowjones,HonestApeNYC,1,aoc,True,True
_thenowjones,MrAmerica741976,1,aoc,True,False
_thenowjones,grok,1,aoc,True,True
_weirdlink,Farming_SA,1,trump,True,False
_weirdlink,Yemenimilitary,1,trump,True,False
_weirdlink,lamps_apple,1,trump,True,False
a_toney22,PabloReports,1,aoc,True,False
a_toney22,SenateDems,1,aoc,True,False
aba6_emmanuel,grok,1,trump,True,True
abcdavis,Firekraker72,1,aoc,True,False
abcdavis,SenateDems,1,aoc,True,False
abohasheem7,AhmedAlmoaiad,1,trump,True,False
abohasheem7,AlsaidiMuein,1,trump,True,False
aclownin1,Bb89870,1,trump,True,False
aclownin1,GeneralKim_J,2,trump,True,True
aclownin1,HadalBs,1,trump,True,False
aclownin1,IchimaruMegumin,1,trump,True,False
aclownin1,PaulToohey2,1,trump,True,True
aclownin1,ShadowyGhost,1,trump,True,False
aclownin1,ToiletGroyper,1,trump,True,False
aclownin1,Xaib416,1,trump,True,False
aclownin1,Yemenimilitary,15,trump,True,False
aclownin1,ali62962381,1,trump,True,False
aclownin1,hnfsz5,1,trump,True,False
aclownin1,jayy22345,1,trump,True,False
aclownin1,kentotboyy,1,trump,True,False
aclownin1,king_webstar,1,trump,True,True
aclownin1,poiu477,2,trump,True,True
aclownin1,princeH890,1,trump,True,False
aclownin1,shqiponja0867,1,trump,True,False
aclownin1,strangerhomlss,1,trump,True,False
aclownin1,supranova888,1,trump,True,False
acr1112014,SenateDems,1,aoc,True,False
adamstewart1978,MelvinMarko,1,trump,True,False
addamo,Bushra1Shaikh,1,trump,True,False
addamo,EdbieLigerSmith,1,trump,True,False
addamo,MidwesternMarx,1,trump,True,False
addamo,RealScottRitter,1,trump,True,False
addamo,SheepleBreaker,1,trump,True,True
addamo,georgegalloway,1,trump,True,False
adjustleft,livingfree76,1,aoc,True,False
adriennebr31123,SenateDems,1,aoc,True,False
adrierek935,1Sondo,1,aoc,True,False
adrierek935,CoinFlipperDude,1,aoc,True,False
adrierek935,Woah_Dave,1,aoc,True,False
aduognuy,SenateDems,2,aoc,True,False
adzphone72,Lucy00433886287,1,trump,True,False
aek100K,grok,15,trump,True,True
ag_wannabe,DianaforQueens,2,aoc,True,False
ag_wannabe,Wess_Miller,1,aoc,True,True
ag_wannabe,jerr28090,1,aoc,True,True
aghastall,SenateDems,1,aoc,True,False
aidenrturner,Hypotrichtofax,1,trump,True,True
akaChiBi143,SenateDems,1,aoc,True,False
alainyeyer,TinaTweeker,1,aoc,True,False
alamnavsa,AlfredArzuaga1,7,trump,True,True
alamnavsa,YakubCreamKing,1,trump,True,False
alamnavsa,emily3_angelina,1,trump,True,True
alessiabaisi,FFT1776,1,trump,True,False
alessiabaisi,jlizst,1,trump,True,False
alexzndr_,CricketMaiden88,1,trump,True,False
alexzndr_,EdKrassen,1,trump,True,False
alexzndr_,matt_vanswol,1,trump,True,False
alfatunde,LibertyCappy,1,trump,True,False
alfatunde,MattyWorthy32B,2,trump,True,False
alfatunde,MrSausageGet,1,trump,True,False
alfatunde,PumpDotFunGuy,1,trump,True,False
alfatunde,nomandatesco,1,trump,True,False
alfiarnimakhtaf,Yemenimilitary,1,trump,True,False
alldatamatters,SenateDems,1,aoc,True,False
alleblue,DailyAthenaeum,1,aoc,True,False
alleblue,DominionPostWV,1,aoc,True,False
alleblue,GenFlynn,1,aoc,True,False
alleblue,LOZ416,1,aoc,True,True
alleblue,NewYorkSun,1,aoc,True,False
alleblue,PittsburghPG,1,aoc,True,False
alleblue,RupertTFirkledo,1,aoc,True,False
alleblue,ToscaAusten,1,aoc,True,False
alleblue,WSJ,1,aoc,True,False
alleblue,ajc,1,aoc,True,False
alleblue,cherokeeowl,1,aoc,True,False
alleblue,dbongino,1,aoc,True,False
alleblue,p3driver,1,aoc,True,False
alleblue,wvgazettemail,1,aoc,True,False
allgoodmight,BedOfRoses,1,trump,True,True
allgoodmight,LCuriango,1,trump,True,False
allgoodmight,grok,2,trump,True,True
alvinSeven77,Claudiashein,1,trump,True,False
alvinSeven77,Pontifex,1,trump,True,False
alvinSeven77,SpotifyMexico,1,trump,True,False
alvinSeven77,TeamTrump,1,trump,True,False
alvindee28,Rollup_News,1,trump,True,True
amerikkkanboy,Arch_oj,1,trump,True,False
amerikkkanboy,ScottDiaz42,1,trump,True,False
amerikkkanboy,s_m_marandi,1,trump,True,False
amz0245,Magadogmommy,1,aoc,True,True
amz0245,TTP2502,1,aoc,True,True
amz0245,xxxristina423,1,aoc,True,True
anaimarti,SenSchumer,2,aoc,True,False
anaimarti,SenateDems,2,aoc,True,False
andrewqutami,mattvanswol,1,trump,True,False
andshestroking,GuntherEagleman,1,trump,True,False
andyblumenthal,DianaforQueens,1,aoc,True,False
anilaali,POTUS,1,trump,True,False
annacatheins,OakSmith2018,1,trump,True,True
annihilateislam,MagaPatriot33,1,trump,True,False
annihilateislam,Make_ItMakeSnse,1,trump,True,False
annihilateislam,Yemenimilitary,3,trump,True,False
annihilateislam,erase_life,1,trump,True,False
annlongisl1,SenateDems,2,aoc,True,False
annofbigbeach,SenateDems,1,aoc,True,False
antirevolution0,IvankaNews_,1,trump,True,False
antirevolution0,PDAcomment,2,trump,True,False
apcolypic82,JohnnyVomits,1,aoc,True,False
apcolypic82,mehdirhasan,1,aoc,True,False
apleic,Remzyfit1,1,aoc,True,False
apostille44,SenateDems,1,aoc,True,False
arahovis3,IanWy73596,1,aoc,True,True
arahovis3,StyrosDonaras,1,aoc,True,False
arahovis3,catturd2,1,aoc,True,False
arborfla,SenateDems,1,aoc,True,False
arclumination,DirkMacdougall,1,aoc,True,True
arclumination,Kobie3408,2,aoc,True,False
arclumination,LefortPhilip,2,aoc,True,True
arclumination,RepFine,2,aoc,True,False
arclumination,X_StrayDog1,2,aoc,True,False
area1351stl,ChrisNyamabo,1,aoc,True,False
arl_jar,CDUB901,1,aoc,True,False
arl_jar,JayTC53,1,aoc,True,False
arl_jar,Peanuts_Pissed,1,aoc,True,False
arnucarrillo,fafowatch,1,aoc,True,False
artysan,visegrad24,1,aoc,True,False
arynn_luna,AlwaysKnocking,1,aoc,True,False
arynn_luna,foxxygranpa87,1,aoc,True,True
asra_sdh,WilheminaFoxx,1,trump,True,True
asra_sdh,elonmusk,1,trump,True,False
astalavista7566,Magnus_Veritas,1,trump,True,True
astalavista7566,robertsepehr,1,trump,True,False
astorcaeli,CoinFlipperDude,7,aoc,True,False
astorcaeli,IcoshWolves,6,aoc,True,False
atabex_art,CoinFlipperDude,1,aoc,True,False
aura_playai,ATTNtoken,2,trump,True,False
aura_playai,GiveRep,2,trump,True,False
aura_playai,KaitoAI,2,trump,True,False
aura_playai,SuiInsiders,2,trump,True,False
aura_playai,koomp80,2,trump,True,False
aura_playai,nasigoreng1123,1,trump,True,True
avi8rAZ,SenateDems,1,aoc,True,False
axelsproudpapa,F15Synch,1,trump,True,False
ayars_sher24995,F15Synch,1,trump,True,False
az_highcountry,PoliticalStacy,1,aoc,True,False
azadehfarah,SenateDems,1,aoc,True,False
azsailor88,SenateDems,1,aoc,True,False
b1g_D1ck_black,BernieSanders,2,aoc,True,False
b1g_D1ck_black,DianaforQueens,2,aoc,True,False
b1g_D1ck_black,SenateDems,1,aoc,True,False
b75dpjh2sg,GuntherEagleman,1,trump,True,False
babygirl_tweet,grok,1,trump,True,True
badcomedypod,DrMiaow,1,trump,True,True
badcomedypod,Kohlliers,1,trump,True,False
badcomedypod,MmbNoah,1,trump,True,False
badcomedypod,NaijaKid234,1,trump,True,True
badspeed66,DianaforQueens,4,aoc,True,False
badspeed66,Stinkshovel,2,aoc,True,True
badspeed66,TomJoad2Night,1,aoc,True,True
badspeed66,teapartytempest,1,aoc,True,True
baitcrimes,SenateDems,1,aoc,True,False
balzchin,ChrisNyamabo,1,aoc,True,False
balzchin,JRedDvlDog601,1,aoc,True,True
bambalahk1,Marinitillaa,1,trump,True,False
bamford_music,DBELLJPGA,1,trump,True,False
bamford_music,DelandValsBandB,1,trump,True,False
bamford_music,TRUMP_ARMY_,1,trump,True,False
bamford_music,TheImmortal007,2,trump,True,False
barnett_de26579,SenateDems,1,aoc,True,False
bassetlover810,CaffMomREDACTED,2,aoc,True,False
bassetlover810,PoetCheesehead,1,aoc,True,False
bassetlover810,crkverse,1,aoc,True,False
bassetlover810,lamps_apple,1,aoc,True,False
bcrfoxhound,DianaforQueens,1,aoc,True,False
beknurmutali,grok,2,trump,True,True
belindadav4,SenSchumer,2,aoc,True,False
belindadav4,SenateDems,2,aoc,True,False
bellivi5150,ChrisNyamabo,1,aoc,True,False
benronni31,NuttallMar50448,1,trump,True,False
ber20733,MarindaVannoy1,1,trump,True,False
bestbeehave,CoinFlipperDude,1,aoc,True,False
bestbeehave,SenateDems,1,aoc,True,False
betteroffhiking,SenateDems,1,aoc,True,False
betuckercarlson,SenateDems,1,aoc,True,False
bevgkratz,Dean_Woermer,1,trump,True,False
bevgkratz,MAGAPosts,5,trump,True,False
bevgkratz,SteveBenedict17,1,trump,True,False
bevgkratz,pgunter357,1,trump,True,False
bfbdonaher,SenateDems,1,aoc,True,False
bgmoore7,SenateDems,1,aoc,True,False
bible_week,SenSchumer,1,aoc,True,False
bible_week,SenateDems,1,aoc,True,False
bible_week,TheDemocrats,1,aoc,True,False
biffhenderson15,DianaforQueens,1,aoc,True,False
bigjimsmiff,JoeyMannarino,1,aoc,True,False
bigjimsmiff,NASSARMohamadMR,1,aoc,True,False
bigmikeoblock,krassenstein,1,trump,True,False
bikerbutter,heysayhello69,1,trump,True,False
billb621,TheImmortal007,1,trump,True,False
biobiogirl1,TheSportPigeon,1,aoc,True,True
biobiogirl1,teapartytempest,1,aoc,True,True
bishop_2311,0hour1,1,aoc,True,False
bknfredny,Broda_web4,3,aoc,True,False
bknfredny,xSilentJay3227x,3,aoc,True,True
bla91v,grok,1,trump,True,True
blackhairedlamb,EricLDaugh,1,trump,True,False
blreynolds123,SenateDems,1,aoc,True,False
blublakvie,CoinFlipperDude,1,aoc,True,False
bob4ut,Eagles5211,1,trump,True,True
bob4ut,irishironmike,2,trump,True,False
bobbykanada,CaminanteLoc0,1,aoc,True,False
bobbykanada,Dndbreakfast,1,aoc,True,False
bobbykanada,MyFarmTrade,1,aoc,True,False
bojax21,DianaforQueens,1,aoc,True,False
boller_brian,realMaalouf,1,aoc,True,False
booknerd1984,TorstenProchnow,1,trump,True,False
booknerd1984,anon96_,1,trump,True,False
booknerd1984,grok,1,trump,True,True
botwntcp,DianaforQueens,1,aoc,True,False
brambo13,SenateDems,1,aoc,True,False
brendas_outside,Skeeter482,1,trump,True,True
brendas_outside,TRUMP_ARMY_,1,trump,True,False
brentncind18649,SenateDems,2,aoc,True,False
briscolaorama,TRUMP_ARMY_,1,trump,True,False
brocious_dwight,SenateDems,1,aoc,True,False
bronw1111,John666Slayer1,1,trump,True,False
bronw1111,washheights44,1,trump,True,False
brozgonemodding,DravenNoctis,1,trump,True,False
brozgonemodding,Yemenimilitary,1,trump,True,False
brozgonemodding,s_m_marandi,1,trump,True,False
brucebanana92,CaminanteLoc0,1,aoc,True,False
brucebanana92,JolieDr42682712,1,aoc,True,True
brucenpcola,livingfree76,1,aoc,True,False
bryanxx49264387,Bluestown901,1,aoc,True,False
bryanxx49264387,TazTears,1,aoc,True,False
bs_seguridad,grok,1,trump,True,True
btx1120,SenateDems,1,aoc,True,False
buffmonticello,XVanFleet,1,aoc,True,False
bugaroo19,SenateDems,1,aoc,True,False
bunbunbunlove,DarkEndOfStreet,1,aoc,True,False
bunbunbunlove,Jay668285834448,1,aoc,True,True
bunbunbunlove,RPP_TheReal,1,aoc,True,False
bunbunbunlove,_AlexHirsch,3,aoc,True,False
bunbunbunlove,apostate21263,3,aoc,True,False
bunky1210,Lara_maga47,1,trump,True,False
bunky1210,RapidResponse47,1,trump,True,False
bushwick917,RepJeffries,1,aoc,True,False
bushwick917,SenSchumer,1,aoc,True,False
bushwick917,SenateDems,1,aoc,True,False
butler19891,SenSchumer,1,aoc,True,False
butler19891,SenateDems,1,aoc,True,False
buttonboarder,Minnesota_DHS,1,trump,True,False
buttonboarder,POTUS,1,trump,True,False
byrd_jane61290,SenSchumer,1,aoc,True,False
byrd_jane61290,SenateDems,1,aoc,True,False
c3po2011g,Foxhound_N10,1,aoc,True,True
c3po2011g,SenateDems,2,aoc,True,False
c_mac58,DianaforQueens,1,aoc,True,False
caezerWF,BigWayneConley,1,trump,True,False
cahard_alex,Middle_Eastern0,1,trump,True,False
canadavsengland,IsThis4Real68,1,aoc,True,True
canadavsengland,SenateDems,1,aoc,True,False
candace_be35702,danscavino_001,1,trump,True,False
cargostick,SenateDems,1,aoc,True,False
catherineg99343,GuntherEagleman,1,trump,True,False
catherineg99343,IanJaeger29,1,trump,True,False
catherineg99343,SUBRATA30016572,1,trump,True,False
catherineg99343,matt_vanswol,1,trump,True,False
cathy_longley,James9569j,1,trump,True,False
cathynumber5,DanielleChown,10,trump,True,False
cathynumber5,HaojieX9588,12,trump,True,True
cathynumber5,xIsraelExposedx,12,trump,True,True
ccarneyrichman,SenateDems,1,aoc,True,False
ccbcrn11,jimbutler31,1,aoc,True,False
cece_0503,grok,1,trump,True,True
cg53577284,ValVivino,1,aoc,True,False
cg53577284,WEdwarda,1,aoc,True,False
cgodfrey66,Politicsworld,1,aoc,True,True
charles85p,M1977Ridge,1,trump,True,False
charles85p,capthadi,2,trump,True,False
charlestonpaul2,Bella_CowgirlTX,1,aoc,True,False
charlestonpaul2,lillybellmam2,2,aoc,True,False
charlienol80436,SenateDems,1,aoc,True,False
chi_street_crew,DianaforQueens,3,aoc,True,False
chi_street_crew,WAServers,2,aoc,True,True
chi_street_crew,teapartytempest,1,aoc,True,True
chinmarinero,Yemenimilitary,3,trump,True,False
chinmarinero,aclownin1,2,trump,True,True
chinmarinero,nullDorito,1,trump,True,False
chis59908420,Lara_maga47,2,trump,True,False
chis59908420,RapidResponse47,2,trump,True,False
chis59908420,adams63524,1,trump,True,False
chis59908420,jim_fetter,1,trump,True,False
chrisG7676,Yemenimilitary,1,trump,True,False
chriscoulter92,MZHemingway,1,aoc,True,False
chrisfguzman,NotaRINO2025,1,trump,True,False
ciaoksm,GuntherEagleman,1,trump,True,False
cindawest299772,SenateDems,1,aoc,True,False
cjbunker888,SenSchumer,1,aoc,True,False
cjbunker888,SenateDems,1,aoc,True,False
cjthedevious,SenateDems,1,aoc,True,False
claudiahatake,CoinFlipperDude,1,aoc,True,False
claudiamiz,DianaforQueens,1,aoc,True,False
clipperypapas,grok,1,trump,True,True
club_susan,F15Synch,1,trump,True,False
cmortolani,SenateDems,1,aoc,True,False
co3blue,JohnnyMurica,1,aoc,True,True
codebluebbq,MuellerSheWrote,1,aoc,True,False
combatbaIIerina,Jorizz531960,1,trump,True,True
combatbaIIerina,Make_ItMakeSnse,1,trump,True,False
combatbaIIerina,Yemenimilitary,1,trump,True,False
combatbaIIerina,erase_life,1,trump,True,False
combatbaIIerina,ericburton,1,trump,True,True
comedy_medic,_Tweetiez,1,trump,True,False
comedy_medic,judgejeaninne,1,trump,True,False
concernsmount,JustinBrannan,1,aoc,True,False
controlurtime,Yemenimilitary,1,trump,True,False
coreyakotler,B7frankH,1,trump,True,False
corsair_da54332,Meagan06772918,1,trump,True,False
coruh_aysel,kjy6894,1,trump,True,False
cotedepabl83683,IfindRetards,1,trump,True,False
couch_rider,NotaRINO2025,1,trump,True,False
countrygirl7406,SenateDems,1,aoc,True,False
cowboy_t68213,SenateDems,1,aoc,True,False
cpeter1953,Sec_Noem,1,aoc,True,False
cpeter1953,SenSchumer,1,aoc,True,False
cpeter1953,SenateDems,1,aoc,True,False
craig_march1770,SenateDems,1,aoc,True,False
crashcampbell84,SenateDems,1,aoc,True,False
criley,Magadogmommy,1,aoc,True,True
criley,colin_sausage,1,aoc,True,False
crypto_pochi,MAGAMichelleS69,1,aoc,True,False
cryptodaaddy,SenateDems,1,aoc,True,False
cstatman69,SenateDems,1,aoc,True,False
cuck22adam,Israel,1,trump,True,False
cuck22adam,netanyahu,1,trump,True,False
cwatt67,RepFine,1,aoc,True,False
cwatt67,janinedigi,1,aoc,True,True
cwatt67,realMaalouf,1,aoc,True,False
cwmorganjr,ConserveWest,1,aoc,True,False
cwmorganjr,The_Gooseinator,1,aoc,True,False
cwmorganjr,X_StrayDog1,1,aoc,True,False
cwmorganjr,karoagono,2,aoc,True,False
cwmorganjr,solaadio,2,aoc,True,False
cyre2067,teapartytempest,1,aoc,True,True
czinc21,DianaforQueens,1,aoc,True,False
d10_hill,DavidLHillPA,1,aoc,True,True
d10_hill,Dndbreakfast,2,aoc,True,False
d10_hill,grok,2,aoc,True,True
d_wymer,F15Synch,1,trump,True,False
da54293,MeidasTouch,1,aoc,True,False
da54293,SenateDems,1,aoc,True,False
daiki_saku2255,IAbhay_Pratap,1,trump,True,False
dalepbohl,SenateDems,1,aoc,True,False
dapapa69,SenateDems,1,aoc,True,False
daquan_smith34,marazka,1,trump,True,False
darkangelxx2325,GuntherEagleman,1,aoc,True,False
darklordobunnys,SenateDems,1,aoc,True,False
dastus67s,LauraLoomer,1,aoc,True,False
davechesak,SenSchumer,1,aoc,True,False
davechesak,SenateDems,1,aoc,True,False
daveh63,SenateDems,1,aoc,True,False
david_oopsceo,OopsSOLOG,1,trump,True,False
davidcamacaro00,ICEespanol,2,trump,True,False
davidcamacaro00,ICEgov,2,trump,True,False
davidcamacaro00,marcorubio,2,trump,True,False
davidcamacaro00,rc0,1,trump,True,False
davidcamacaro00,realdo,1,trump,True,False
davidcamacaro00,realdona,1,trump,True,False
davidcamacaro00,realdonal,1,trump,True,False
davidcamacaro00,reladonal,1,trump,True,False
daws78261,Badsaltydog,1,aoc,True,True
daws78261,CommunityNotes,1,aoc,True,False
daylovetoday,MAGAMichelleS69,1,aoc,True,False
daylovetoday,solbros55,1,aoc,True,False
ddmommom,Nokkiewyatt,1,trump,True,False
deafingorange,Ahmed_hassan_za,1,trump,True,False
deafingorange,AkebonoRiu,1,trump,True,False
deafingorange,EdbieLigerSmith,1,trump,True,False
deafingorange,FloriaCarolina,3,trump,True,False
deafingorange,GuntherEagleman,2,trump,True,False
deafingorange,HealthRanger,1,trump,True,False
deafingorange,JessamyRoyalH,1,trump,True,False
deafingorange,MenchOsint,1,trump,True,False
deafingorange,MidwesternMarx,1,trump,True,False
deafingorange,SheepleBreaker,1,trump,True,True
deafingorange,SuppressedNws,1,trump,True,False
deafingorange,WonderingIdjit,1,trump,True,False
deafingorange,Yemenimilitary,3,trump,True,False
deafingorange,YourAnonNews,1,trump,True,False
deafingorange,abw800072,1,trump,True,False
deafingorange,anesmansory,2,trump,True,False
deafingorange,freemanslady,1,trump,True,False
deafingorange,jacksonhinklle,1,trump,True,False
deafingorange,nerds_humanity,1,trump,True,False
deafingorange,s_m_marandi,1,trump,True,False
deathin70years,ChrisNyamabo,1,aoc,True,False
deathwalker169,GuntherEagleman,1,trump,True,False
debbiesch6,TRUMP_ARMY_,1,trump,True,False
debfox,GuntherEagleman,1,aoc,True,False
debrafish487,SenateDems,1,aoc,True,False
deetheblogger,DianaforQueens,1,aoc,True,False
deezy_nate77,SenateDems,1,aoc,True,False
defiturkiye,ethosAgent,2,trump,True,True
degen_sol7,0xSerik,1,trump,True,False
degen_sol7,LaunchOnPump,1,trump,True,True
degen_sol7,X,1,trump,True,False
degen_sol7,grok,1,trump,True,True
dennyawade,brianna01001,1,trump,True,False
dertyryano123,SenateDems,1,aoc,True,False
devastationphd,Ahmed_hassan_za,1,trump,True,False
devastationphd,Mab0710,1,trump,True,False
devildog4201972,magateamstephen,1,trump,True,False
dezertdiva1,indepndt4eva,1,trump,True,False
dgbvvffc,EdKrassen,1,trump,True,False
dgm3rd,KaizerNYC,1,aoc,True,True
dh_dh151,F15Synch,1,trump,True,False
dickon38,BigWayneConley,9,trump,True,False
dickon38,Haintz_MediaLaw,1,trump,True,False
dickon38,LibsHateUs,1,trump,True,False
dickon38,YourAnonNews,1,trump,True,False
dickon38,ant1genoc1de,1,trump,True,False
dickon38,blueyedcutie344,2,trump,True,False
dickon38,bookworm_monk,4,trump,True,False
dickon38,yvonneridley,1,trump,True,False
dilbone_trish,FeliceFontaine,1,trump,True,False
dilbone_trish,OneBadDude_,1,trump,True,False
dilbone_trish,moment_mirthful,1,trump,True,False
dilfassmuncher,Matthewtravis08,1,trump,True,False
dilfassmuncher,mer33709,1,trump,True,False
dilfassmuncher,sandrada719,1,trump,True,False
dilligaf_bohica,Cornstock_99,2,trump,True,True
dilligaf_bohica,DavidYeshua4,2,trump,True,False
dilligaf_bohica,grok,1,trump,True,True
dineshpatel57,grok,1,trump,True,True
dinosaurforsure,drslipperss,1,aoc,True,False
dinosoxygen2,0hour1,1,aoc,True,False
disp_t,Acyn,1,aoc,True,False
disp_t,GuntherEagleman,1,aoc,True,False
distancert500,FBI,1,aoc,True,False
distancert500,FBIAtlanta,1,aoc,True,False
distancert500,NCA_UK,1,aoc,True,False
djs_deb,JacobDarli80382,1,trump,True,False
djs_deb,MervynCatherine,2,trump,True,True
djs_deb,RealScottRitter,2,trump,True,False
djs_deb,georgegalloway,2,trump,True,False
djsny74,Isadora1634,1,trump,True,False
dm9875643,BubblyIan,1,trump,True,False
doctorrickma,F15Synch,1,trump,True,False
donnaet5,SenateDems,1,aoc,True,False
doobieroachclip,SenateDems,1,aoc,True,False
dose_the_online,lyna_perez0,1,trump,True,False
doulonkyriou,FFT1776,8,trump,True,False
doulonkyriou,GaryWantEV,8,trump,True,True
dpdgigi,SenateDems,1,aoc,True,False
dracaryysss1,Receparsllnnx01,1,trump,True,False
dracaryysss1,grok,1,trump,True,True
draliabdullahja,grok,1,trump,True,True
drasfal,eliefadel15,1,trump,True,False
drenchhisasss,NotaRINO2025,1,trump,True,False
dschinn87,SenateDems,1,aoc,True,False
dshav2,robbystarbuck,1,aoc,True,False
dtejas11,Politicsworld,1,aoc,True,True
dugger8296,BillyBaldwin,1,trump,True,False
dustindoner,SenateDems,1,aoc,True,False
dvrmech,SenateDems,1,aoc,True,False
dyl96212177,X_StrayDog1,1,aoc,True,False
dylandongle,CoinFlipperDude,1,aoc,True,False
e_zeiner,AAqwertyu12,1,trump,True,False
eblake981,SenSchumer,1,aoc,True,False
eblake981,SenateDems,1,aoc,True,False
ecgberht,StoryonyxTBN,1,aoc,True,False
echase1964,DianaforQueens,1,aoc,True,False
ed_mosby11,Kpivarajurassic,1,trump,True,False
ed_mosby11,tetinhaass,1,trump,True,False
eddie_pete55356,GodandCountryy,1,trump,True,False
edkotalo,SenateDems,1,aoc,True,False
el_shaddai33,DianaforQueens,5,aoc,True,False
el_shaddai33,Foxhound_N10,4,aoc,True,True
el_shaddai33,GSwarthout,4,aoc,True,True
eli_held89053,4HumanUnity,2,trump,True,False
elspuzad,Firekraker72,2,aoc,True,False
elspuzad,SenateDems,2,aoc,True,False
elspuzad,johnkiger2,2,aoc,True,True
elyvin121,SenateDems,1,aoc,True,False
emeraldcup,CAgovernor,1,trump,True,False
emily3_angelina,JessePilko,1,trump,True,True
emily3_angelina,alamnavsa,1,trump,True,True
emiroseli,DianaforQueens,1,aoc,True,False
enmccray,TheUnitedSpot__,1,trump,True,True
erdembayra80576,gmail,2,trump,True,False
ericburton,Jorizz531960,2,trump,True,True
ericburton,Make_ItMakeSnse,3,trump,True,False
ericburton,Yemenimilitary,3,trump,True,False
ericburton,erase_life,3,trump,True,False
esbliss5202,ChuckCallesto,1,trump,True,False
esbliss5202,CricketMaiden88,1,trump,True,False
esbliss5202,EdKrassen,1,trump,True,False
esbliss5202,TaraBull808,1,trump,True,False
esbliss5202,matt_vanswol,1,trump,True,False
esbliss5202,scavinoJrn,1,trump,True,False
eskimo552,SenateDems,1,aoc,True,False
ethosAgent,defiturkiye,2,trump,True,True
eurolitigation,Yemenimilitary,1,trump,True,False
everwill,BigWayneConley,1,trump,True,False
everwill,yvonneridley,1,trump,True,False
existensil,Bmmoody,2,aoc,True,True
existensil,DianaforQueens,2,aoc,True,False
f_hanson1,F15Synch,1,trump,True,False
f_hanson1,JOEBIDEN,1,trump,True,False
factshurtmenot,ClownWorld,1,aoc,True,False
factshurtmenot,NerdeenKiswani,1,aoc,True,False
factshurtmenot,TodThompson,1,aoc,True,False
factshurtmenot,dseitler,1,aoc,True,False
falconofstorms,AI77265458,1,aoc,True,True
falconofstorms,ChrisNyamabo,1,aoc,True,False
farkhanabdillah,grok,1,trump,True,True
fauss_robert,smithtina09,1,trump,True,False
favelaficap,AperatureFinTek,1,trump,True,False
favelaficap,YemeniMilitary,1,trump,True,False
fch8862,DianaforQueens,1,aoc,True,False
fe85e51ec99b48a,imjdsharp,1,trump,True,False
fe85e51ec99b48a,lockard2141,1,trump,True,False
fedWFFnews,SenateDems,1,aoc,True,False
fedupcitizen7,SenateDems,1,aoc,True,False
fibrilles,Trump,1,trump,True,False
fireball_lady,Yemenimilitary,1,trump,True,False
fixMNnow,RepFine,1,aoc,True,False
fixMNnow,Sports_Takes_00,1,aoc,True,False
flamegamingYT,NotaRINO2025,1,trump,True,False
flcalique,SenateDems,1,aoc,True,False
floweroleary,Jared__Mclellan,2,trump,True,False
floweroleary,TheGasStovee,2,trump,True,False
foo_schnickens,SenateDems,1,aoc,True,False
footballmom2754,SenSchumer,1,aoc,True,False
footballmom2754,SenateDems,1,aoc,True,False
ford_georgeanne,SenateDems,1,aoc,True,False
forealedu,SenateDems,1,aoc,True,False
fortrand,grok,1,trump,True,True
foursevenjay,DidDTrumpDie,1,trump,True,False
foxturd1,DianaforQueens,1,aoc,True,False
foxxygranpa87,AlwaysKnocking,1,aoc,True,False
foxxygranpa87,arynn_luna,1,aoc,True,True
frances_frankly,DianaforQueens,1,aoc,True,False
frankwhat73,SenateDems,1,aoc,True,False
fred60453873,DustinAlaska,1,aoc,True,False
fred60453873,The_Gooseinator,1,aoc,True,False
fred60453873,rebecca_wallent,1,aoc,True,False
free_do1,grok,1,trump,True,True
frenchgirlnyc,SenSchumer,1,aoc,True,False
frenchgirlnyc,SenateDems,1,aoc,True,False
frenci46,BlueATLGeorgia,1,trump,True,False
frenci46,GearsOfWar327,1,trump,True,False
frenci46,NotaRINO2025,1,trump,True,False
frenci46,ctrandolph,1,trump,True,False
fritts_tim,saras76,1,aoc,True,False
fronstorewindow,TheTNHoller,1,aoc,True,False
frontierjustic5,mattvanswol,1,trump,True,False
frost47015,AresUnchained,1,trump,True,False
frustrated_rn,MrShred9809,1,trump,True,False
frustrated_rn,Sandra962440892,1,trump,True,False
fusobysan,45LVNancy,1,trump,True,False
fusobysan,CB618444,1,trump,True,False
fusobysan,DieHard45RG,1,trump,True,False
fusobysan,FireNewz,1,trump,True,False
fusobysan,GuntherEagleman,1,trump,True,False
fusobysan,KatTheHammer1,1,trump,True,False
fusobysan,ROCKONOHIO77,1,trump,True,False
fusobysan,RealHickory,1,trump,True,False
fusobysan,WizChadwick2,1,trump,True,False
fusobysan,beardvet,1,trump,True,False
fusobysan,dogspink3,1,trump,True,False
gafhdkdbv,Badsaltydog,1,aoc,True,True
gafhdkdbv,CommunityNotes,1,aoc,True,False
galelynngeorge,OptimusSolo,1,aoc,True,True
galelynngeorge,rjfitz4321,1,aoc,True,True
galleyo5,DianaforQueens,1,aoc,True,False
gallonumero01,tennismd7,1,aoc,True,True
galok233,POTUS,1,trump,True,False
garagedoordave1,The_Gooseinator,1,aoc,True,False
garybenade,MatthewDePra,1,aoc,True,False
garybenade,Yd__Te,1,aoc,True,False
gato_danger,DianaforQueens,1,aoc,True,False
gb82ar,Ahmed_hassan_za,1,trump,True,False
gb82ar,JazzmineBudge,1,trump,True,False
gb82ar,Kahlissee,1,trump,True,False
gb82ar,s_m_marandi,1,trump,True,False
gcu_gucio,OakSmith2018,1,trump,True,True
geegeebarry1,JeffSock9,1,trump,True,False
gh65558,TheDemocrats,1,aoc,True,False
ghhshirley,mattvanswol,1,trump,True,False
ghostwriterxx,DianaforQueens,1,aoc,True,False
gizmo0917,Omr200mph,1,aoc,True,True
glennLusk1,ChristinaHambu4,1,trump,True,True
glennLusk1,MusicTheDope,1,trump,True,True
glennLusk1,VanemuineK3577,1,trump,True,True
glenn_tami59618,SenateDems,1,aoc,True,False
gmatweet64,LauraLoomer,1,aoc,True,False
goodboicharlie,RepFine,1,aoc,True,False
gork,DonaldJTrumpJr,2,trump,True,False
gork,DreadPir8666,2,trump,True,True
gork,GuntherEagleman,2,trump,True,False
gork,JUSTTHETRUTHTV,1,trump,True,False
gork,WhiteHouse,2,trump,True,False
gork,grok,1,trump,True,True
gork,infowars,2,trump,True,False
gork,notjohnr,2,trump,True,True
grab19178,DianaforQueens,2,aoc,True,False
granddarnitate,andrewilliamsus,1,aoc,True,False
granddarnitate,harryjsisson,1,aoc,True,False
gratefulwithout,DianaforQueens,2,aoc,True,False
gratefulwithout,Wess_Miller,1,aoc,True,True
greentruck18,DianaforQueens,1,aoc,True,False
greg_chait,DianaforQueens,1,aoc,True,False
greg_chait,SenateDems,1,aoc,True,False
gregeddinger,Bubblebathgirl,1,aoc,True,True
gregeddinger,CynicalPublius,1,aoc,True,False
gregeddinger,thehamburglar33,1,aoc,True,False
greggygregg77,JustinBrannan,1,aoc,True,False
greggygregg77,StuckinBrooklyn,1,aoc,True,False
griese_gary,DanielMill99875,3,trump,True,False
grok,0xIran0,1,trump,True,True
grok,0xSerik,1,trump,True,False
grok,168e991631c14d8,3,trump,True,False
grok,2lvinte22,1,trump,True,False
grok,5CYBJo3cm50uSxR,29,trump,True,True
grok,AC_Un1ty,1,trump,True,True
grok,AbidHus22844167,1,trump,True,False
grok,Arr3ch0,2,trump,True,False
grok,AskPerplexity,1,trump,True,True
grok,Bayerjone88,1,trump,True,True
grok,BdallhR76706,1,trump,True,True
grok,Bedeseame,1,aoc,True,True
grok,BellucciTaj,1,aoc,True,False
grok,BenediktSachta,1,trump,True,False
grok,CKQu666,1,trump,True,True
grok,CagedBySociety,1,trump,True,False
grok,Carlwjoseph9,1,trump,True,True
grok,ChewGlass4head,5,trump,True,False
grok,ConcreteXCrypto,1,trump,True,False
grok,ContemplatoX,2,trump,True,True
grok,CookiesCooper,1,trump,True,True
grok,CrrptGrantsPass,9,trump,True,True
grok,Crypto67553,1,trump,True,False
grok,CuriooCityYT,1,trump,True,False
grok,DaphneB6345,1,aoc,True,True
grok,DavidLHillPA,2,aoc,True,True
grok,Dndbreakfast,2,aoc,True,False
grok,Doctor_doki_,2,trump,True,False
grok,DravenNoctis,1,trump,True,False
grok,Dubliner112,1,trump,True,True
grok,DutchieInvaded,1,aoc,True,False
grok,Elio_LSXP,2,trump,True,True
grok,Emetemoney1,1,trump,True,False
grok,FreakingTenon,1,trump,True,True
grok,GEN512X,2,aoc,True,True
grok,GTBAGF,1,trump,True,True
grok,GWWFC1,1,trump,True,True
grok,Garciagamarra_9,1,trump,True,False
grok,Gixian_X,2,trump,True,False
grok,GuntherEagleman,1,trump,True,False
grok,HeHeflin63,2,aoc,True,True
grok,Herbaughszn,1,trump,True,True
grok,HonestApeNYC,8,aoc,True,True
grok,Imagine_italy,2,trump,True,True
grok,InkLoon,1,trump,True,False
grok,Itsdante718,1,aoc,True,False
grok,JB_007Spy,1,trump,True,False
grok,JFV_SantistaSAF,3,trump,True,True
grok,JUSTTHETRUTHTV,1,trump,True,False
grok,JamieBonkiewicz,1,trump,True,False
grok,JoshuaBradner,1,aoc,True,True
grok,Jota1081323,1,trump,True,True
grok,KAGdrogo,1,trump,True,False
grok,Kahlissee,1,trump,True,False
grok,KalkiUnveils,1,trump,True,False
grok,KlingonCome,2,trump,True,True
grok,Kmh04281995,2,trump,True,False
grok,LaunchOnPump,1,trump,True,True
grok,MLoewe88183,1,aoc,True,False
grok,Mallard93,1,trump,True,False
grok,MarcosBoccalon,1,trump,True,False
grok,MarkMcC26827986,1,aoc,True,False
grok,MeauxGilla,1,trump,True,False
grok,MrAmerica741976,8,aoc,True,False
grok,N3ginseydabadi,1,trump,True,True
grok,NataliaWay24299,1,trump,True,False
grok,NewWorldrd,1,trump,True,False
grok,NoumanRao4,1,trump,True,False
grok,Olaadewale2324,1,trump,True,True
grok,OmatseyeClarke,5,trump,True,True
grok,Osiris91604988,1,trump,True,False
grok,Otarupengi,2,trump,True,False
grok,OttoPaulinus,1,trump,True,True
grok,Phuckleberrygin,1,trump,True,False
grok,Pro4e,1,trump,True,True
grok,RajAniket20867,1,trump,True,True
grok,Random586573075,1,aoc,True,True
grok,Receparsllnnx01,1,trump,True,False
grok,SamThom10627412,1,trump,True,True
grok,SapikMints,1,trump,True,False
grok,SardiLilia,3,aoc,True,True
grok,Sddddd679805,9,trump,True,True
grok,Shanna__Bylka,2,trump,True,False
grok,SteveLeon39,1,trump,True,False
grok,SuperGrok,1,trump,True,False
grok,Svenm885337,2,trump,True,False
grok,ThankGodfor45,1,trump,True,False
grok,TheReallTopG,1,trump,True,True
grok,TheSportPigeon,15,aoc,True,True
grok,TokyoRobb,12,aoc,True,True
grok,UhNuh73116,1,trump,True,False
grok,ValentinaForUSA,2,aoc,True,False
grok,WolfDev9,1,trump,True,True
grok,X,1,trump,True,False
grok,XTimeWalker,1,trump,True,False
grok,Yelover766,1,trump,True,False
grok,Zakplayz62,2,trump,True,False
grok,___Khonshu___,1,trump,True,False
grok,_thenowjones,8,aoc,True,True
grok,aba6_emmanuel,1,trump,True,True
grok,aek100K,8,trump,True,True
grok,akilwood,1,trump,True,False
grok,allgoodmight,46,trump,True,True
grok,amen_belaa,1,trump,True,False
grok,ayaandar226,1,trump,True,False
grok,babygirl_tweet,1,trump,True,True
grok,beknurmutali,1,trump,True,True
grok,bla91v,1,trump,True,True
grok,bs_seguridad,1,trump,True,True
grok,clipperypapas,1,trump,True,True
grok,coffeecup72222,3,trump,True,False
grok,cyberbatman_,1,trump,True,False
grok,dachshundwizard,1,trump,True,False
grok,dineshpatel57,1,trump,True,True
grok,dracaryysss1,1,trump,True,True
grok,draliabdullahja,1,trump,True,True
grok,dssShuang,1,trump,True,False
grok,fortrand,1,trump,True,True
grok,free_do1,1,trump,True,True
grok,galok233,1,trump,True,True
grok,general___BR,1,trump,True,False
grok,gork,1,trump,True,True
grok,hdiabsdi,1,trump,True,False
grok,hej5gbie95223,1,trump,True,False
grok,hiddenzombie96,1,trump,True,True
grok,imagina_club,2,trump,True,True
grok,imgetting2rich,2,aoc,True,True
grok,incendius007,1,trump,True,True
grok,jamminjake49,1,trump,True,True
grok,jaysixseven,1,trump,True,False
grok,jess_fleitas,1,trump,True,False
grok,jhnpapi,2,trump,True,True
grok,kankankonka,1,trump,True,True
grok,keegant_fry,1,trump,True,False
grok,kidus36,1,trump,True,True
grok,krassenstein,1,trump,True,False
grok,launchonpump,1,trump,True,True
grok,libcuck100,1,trump,True,True
grok,lupin2816,1,trump,True,True
grok,m0hammad_akash,1,trump,True,True
grok,mallidestruc,2,trump,True,True
grok,manusia11000T,1,trump,True,False
grok,marvelenth,6,trump,True,True
grok,matheusnjv,1,trump,True,False
grok,moment_mirthful,5,trump,True,False
grok,mslanii0,1,trump,True,True
grok,olivierarsene,7,trump,True,False
grok,qasubilla,1,trump,True,False
grok,remy_ofc,1,trump,True,True
grok,savo24s,1,trump,True,True
grok,scholarship_rw,5,trump,True,True
grok,shotspangl,1,trump,True,False
grok,somekindasauce,1,trump,True,False
grok,tesla_doge_gogo,2,trump,True,False
grok,thehahnsolo,2,trump,True,True
grok,tonycazzo69,1,trump,True,False
grok,unvarmacxud,1,trump,True,False
grok,visegrad24,1,aoc,True,False
grok,worldphotogoat,3,trump,True,True
grok,zeekermanz,1,trump,True,True
grok,zeekhankhogyani,1,trump,True,True
grok,zegnabu,1,trump,True,True
grok,zihecn,1,trump,True,False
grtamericanovel,GOP,1,aoc,True,False
grumpyoldpapaw,DianaforQueens,1,aoc,True,False
grumpyoldpapaw,LeftyWinter,1,aoc,True,False
gulrosat,DianaforQueens,1,aoc,True,False
gunga_ginga69,SenateDems,1,aoc,True,False
guyczar,JohnnyVomits,1,aoc,True,False
guyczar,mehdirhasan,1,aoc,True,False
guyczar,popsdaman3,1,aoc,True,True
guyette_joseph,SenateDems,1,aoc,True,False
guyzies,CalistaDorne,1,trump,True,False
guyzies,LoveAmericaNOW,1,trump,True,False
guyzies,POTUS,1,trump,True,False
guyzies,andriy_k2,1,trump,True,False
gyodeoghu46599,JayTC53,1,trump,True,False
h4h5hhwdk9,Lara_maga47,1,trump,True,False
h4h5hhwdk9,RapidResponse47,1,trump,True,False
hackabusi,Txu4547,1,aoc,True,True
hacsecurity1,mmpadellan,1,trump,True,False
haddyearlenyc,GreatShroudBook,1,aoc,True,False
haddyearlenyc,Punks1010yt,1,aoc,True,False
hamletswords,SenateDems,1,aoc,True,False
haram_buttsex,Yemenimilitary,1,trump,True,False
harvey_lud98067,SenSchumer,1,aoc,True,False
harvey_lud98067,SenateDems,1,aoc,True,False
hdawgy1000,Nick11894,1,trump,True,True
helloootherre,RL9631,1,trump,True,False
here4theshow99,SenateDems,1,aoc,True,False
heritage_grl,SenateDems,1,aoc,True,False
hhhknaydnnn,netanyahu,1,trump,True,False
hiddenzombie96,grok,1,trump,True,True
higgs793974,SenateDems,1,aoc,True,False
higgs793974,TheDemocrats,1,aoc,True,False
hippiestudios,therabbithole,1,trump,True,False
hirsaudade,nomandatesco,1,trump,True,False
hittavilsa,Kristinasadd,1,trump,True,False
hk_hk100,JohnnyVomits,1,aoc,True,False
hk_hk100,i7_95wa,1,aoc,True,False
hk_hk100,mehdirhasan,1,aoc,True,False
hk_hk100,popsdaman3,1,aoc,True,True
hoda77844706,o0mcl0o,1,trump,True,False
hollybellenoel,SenateDems,1,aoc,True,False
homeinthatbass,DravenNoctis,1,trump,True,False
homeinthatbass,Mercurial101101,1,trump,True,False
homesteadtvmaga,YouTube,1,trump,True,False
honeyybomb,SenateDems,1,aoc,True,False
hotboyaless,CoinFlipperDude,1,aoc,True,False
howski70369,SenateDems,1,aoc,True,False
howski70369,SkyeDawn,1,aoc,True,True
htownastro,StephenM,1,trump,True,False
htwiford4,NickJFreitas,2,aoc,True,False
hungarianaussie,Ahmed_hassan_za,1,trump,True,False
hwway88,SenateDems,1,aoc,True,False
hybridtheory126,EvanPettyjohn,1,aoc,True,False
hybridtheory126,KeezNuts,1,aoc,True,False
hybridtheory126,TheDemocrats,1,aoc,True,False
hybridtheory126,whiskeyjack11,1,aoc,True,False
hypnocarrie,I_stir_pot,1,aoc,True,True
hypnocarrie,SenateDems,1,aoc,True,False
hysakura1,shockwaveUSA,1,trump,True,True
iBerg512,SenateDems,1,aoc,True,False
ic3_ceo,DennisMari36005,1,trump,True,True
ic3_ceo,TaraRose60l8,1,trump,True,False
ic3_ceo,straingod_va,1,trump,True,True
ickstophers,DianaforQueens,1,aoc,True,False
ide_patrick,GoXtramiles,2,trump,True,False
ifyouseekkae,Dndbreakfast,1,aoc,True,False
ih8s2pid1s,B7frankH,1,trump,True,False
imagina_club,allgoodmight,2,trump,True,True
imagina_club,grok,4,trump,True,True
imgetting2rich,ValentinaForUSA,2,aoc,True,False
imgetting2rich,grok,1,aoc,True,True
impslayer,SenateDems,1,aoc,True,False
in_my_hands32,SenateDems,1,aoc,True,False
incendius007,grok,1,trump,True,True
inmexicoexpat,SenateDems,1,aoc,True,False
interitus0,CaminanteLoc0,2,aoc,True,False
interitus0,Eyes_wittnes,2,aoc,True,True
interitus0,MyFarmTrade,2,aoc,True,False
irishtravelerAZ,LindaPedro54963,1,trump,True,False
iserklaarmee79,overlistener,1,aoc,True,False
itsAMA_x,CoinFlipperDude,1,aoc,True,False
itsonly5mins,SenateDems,1,aoc,True,False
itspoopintheend,SenateDems,1,aoc,True,False
j_olsen0606,hellenicbl93036,1,trump,True,False
jack42569,SenateDems,1,aoc,True,False
jackrabbitrocks,SenateDems,1,aoc,True,False
jackson16847671,dreamm_girl12,1,trump,True,False
jadrobe,CoinFlipperDude,1,aoc,True,False
jaegerjs,SenateDems,1,aoc,True,False
jameernels18792,CDUB901,1,aoc,True,False
jameernels18792,JayTC53,1,aoc,True,False
james880888,SenateDems,1,aoc,True,False
james_gebo,Calif_Patriot,1,aoc,True,False
james_gebo,LauraLoomer,2,aoc,True,False
jamminjake49,grok,1,trump,True,True
janeyLJZ,FrankDangelo23,1,trump,True,True
janicesus,elonmusk,1,trump,True,False
janinedigi,RepFine,2,aoc,True,False
janinedigi,realMaalouf,2,aoc,True,False
janinedigi,theplushiestgod,2,aoc,True,True
jasonwp41,SenateDems,1,aoc,True,False
jasonwp41,shannonrwatts,1,aoc,True,False
jaxoncoope17156,FrankDangelo23,1,trump,True,True
jaybirdcorky,CaminanteLoc0,1,aoc,True,False
jaycoth0515,Crazymoments01,1,trump,True,False
jaycoth0515,PatriotXV11,1,trump,True,False
jaycoth0515,TheGlobal_Index,2,trump,True,False
jaycoth0515,TrumpBender_3,1,trump,True,False
jayroll43256805,usaf84mike,1,aoc,True,False
jaysonlhatton,DianaforQueens,1,aoc,True,False
jazzfan71,Its_ereko,1,aoc,True,False
jazzfan71,JustinBrannan,2,aoc,True,False
jazzfan71,StuckinBrooklyn,1,aoc,True,False
jazzfan71,TrappedInFlesh,1,aoc,True,True
jbvenusbbyx,SenateDems,1,aoc,True,False
jd1mcc,SenateDems,1,aoc,True,False
jd78112,Cashloren,1,aoc,True,False
jeadma,SenateDems,1,aoc,True,False
jeepdude1987,JustinBrannan,1,aoc,True,False
jefferson66,LuckyMcGee,1,aoc,True,True
jeffg887,ChristinaHambu4,1,trump,True,True
jerr28090,DianaforQueens,3,aoc,True,False
jerr28090,Wess_Miller,2,aoc,True,True
jerrycann32,mattvanswol,1,trump,True,False
jerrycann32,the_grokmeister,1,trump,True,False
jerseygirl007rn,DianaforQueens,1,aoc,True,False
jfdb1973,IfSixWere9,1,trump,True,False
jford00lala,EyesonCensors,1,trump,True,True
jford00lala,Yemenimilitary,1,trump,True,False
jhnpapi,grok,2,trump,True,True
jimiDude123,PantsuTaigas,1,aoc,True,True
jimiDude123,Rickypolit19896,1,aoc,True,False
jimiDude123,catturd2,1,aoc,True,False
jimmichael720,SenateDems,1,aoc,True,False
jjma77,SenateDems,1,aoc,True,False
jjohnson1036915,DianaforQueens,1,aoc,True,False
jkranz119,Bubblebathgirl,1,aoc,True,True
jkranz119,SenateDems,2,aoc,True,False
jkranz119,UNITYNewsReel,1,aoc,True,False
jlg_1959,SenateDems,1,aoc,True,False
jmattesonh,HaloTruthCat,2,aoc,True,True
jmattesonh,Txu4547,2,aoc,True,True
jmattesonh,philly_squat,1,aoc,True,False
jmb_barnett,RepFine,1,aoc,True,False
jmhawth,LeftyWinter,1,aoc,True,False
jmsmith3001,SenateDems,1,aoc,True,False
joaco537,SenateDems,1,aoc,True,False
jocaper8,BRICSinfo,1,trump,True,False
jocaper8,Gomerppyle,1,trump,True,False
jocaper8,HouseDemocrats,1,trump,True,False
jocaper8,HouseGOP,1,trump,True,False
jocaper8,KremlinRussia_E,1,trump,True,False
jocaper8,LulaOficial,1,trump,True,False
jocaper8,Official_NAFO,1,trump,True,False
jocaper8,STF_oficial,1,trump,True,False
jocaper8,TheEpsteinFiles,1,trump,True,False
jocaper8,TheJusticeDept,1,trump,True,False
jocaper8,UN,1,trump,True,False
jocaper8,UNIONEUROPEA,1,trump,True,False
jocaper8,g20org,1,trump,True,False
joewr1111,mmhh2112211,1,trump,True,False
jogonloser,LauraLoomer,2,aoc,True,False
jogonloser,NickDictionary,2,aoc,True,False
johann70829,ss,1,aoc,True,False
johngee1450,SenSchumer,1,aoc,True,False
johngee1450,SenateDems,1,aoc,True,False
johngio48,DjOmegaMVP,2,aoc,True,False
johngio48,just_meggggg,4,aoc,True,True
johnkiger2,Firekraker72,1,aoc,True,False
johnkiger2,SenateDems,1,aoc,True,False
johnkiger2,elspuzad,1,aoc,True,True
johnstrait2653,FrankDangelo23,2,trump,True,True
jomaronie,ChrisNyamabo,1,aoc,True,False
jon_vannatta,_JoHnNa_SwEnSeN,1,trump,True,True
jorjdu,_AlexHirsch,1,aoc,True,False
josegarcia154,dockambo,1,trump,True,True
jptinsync1,SenateDems,1,aoc,True,False
jrgoob,rocky249142,2,aoc,True,True
jtourx,Politicsworld,1,aoc,True,True
judsonphillips,SenateDems,1,aoc,True,False
judsonphillips,johnhawkinsrwn,1,aoc,True,False
julieragland,DianaforQueens,1,aoc,True,False
jumbo_okor19598,Crazymoments01,1,trump,True,False
just_grimm,F15Synch,1,trump,True,False
just_meggggg,johngio48,3,aoc,True,True
justtarae,DianaforQueens,1,aoc,True,False
jzipperb,2002Kingfox,1,trump,True,False
jzipperb,45LVNancy,1,trump,True,False
jzipperb,CB618444,1,trump,True,False
jzipperb,ClassicLearner,1,trump,True,False
jzipperb,DieHard45RG,1,trump,True,False
jzipperb,Duke3God,1,trump,True,False
jzipperb,FireNewz,1,trump,True,False
jzipperb,FrankDangelo23,1,trump,True,True
jzipperb,GuntherEagleman,1,trump,True,False
jzipperb,HooniganHudson,1,trump,True,False
jzipperb,Kahlissee,1,trump,True,False
jzipperb,KatTheHammer1,1,trump,True,False
jzipperb,LPMisesCaucus,1,trump,True,False
jzipperb,Libertymama888,1,trump,True,False
jzipperb,MuhyettinKaya1,1,trump,True,False
jzipperb,ROCKONOHIO77,1,trump,True,False
jzipperb,RealHickory,1,trump,True,False
jzipperb,WizChadwick2,1,trump,True,False
jzipperb,beardvet,1,trump,True,False
jzipperb,dogspink3,1,trump,True,False
jzipperb,furkangozukara,1,trump,True,False
k3yTech,DataRepublican,1,trump,True,False
kaffegeek,SenateDems,1,aoc,True,False
kankankonka,grok,1,trump,True,True
kansarai,mdtlion,1,aoc,True,False
karenlynchkaren,SenSchumer,1,aoc,True,False
karenlynchkaren,SenateDems,1,aoc,True,False
karyl19892,AlBuffalo2nite,1,aoc,True,False
katarabaR,SenateDems,1,aoc,True,False
kath_nmr,CoinFlipperDude,1,aoc,True,False
kaunisnaama,Bmmoody,1,aoc,True,True
kaunisnaama,DianaforQueens,1,aoc,True,False
kcat0e8,SenateDems,1,aoc,True,False
kcuFsnacilbupeR,Byronplx,1,aoc,True,False
kcuFsnacilbupeR,LauraLoomer,1,aoc,True,False
kcuFsnacilbupeR,MouthFeel,1,aoc,True,False
kdlmama,F15Synch,1,trump,True,False
keepit1hundr3d,SenateDems,1,aoc,True,False
kellyhudson12,SenateDems,1,aoc,True,False
kenk06324935400,nypost,1,aoc,True,False
kenk06324935400,nytimes,1,aoc,True,False
keviemac4007,CrazyVibes_1,2,trump,True,False
keviemac4007,RealJamesWoods,1,trump,True,False
kevisima,WHLeavitt,1,trump,True,False
kholodnyy0,DAGToddBlanche,1,aoc,True,False
kidus36,grok,1,trump,True,True
kieranexpress,SenateDems,1,aoc,True,False
kim1rossio,SenateDems,1,aoc,True,False
kindledi,SenSchumer,1,aoc,True,False
kindledi,SenateDems,1,aoc,True,False
kingSuperiorcha,retraximus,1,trump,True,False
king_webstar,Yemenimilitary,1,trump,True,False
king_webstar,aclownin1,1,trump,True,True
kingsuperiorBA,realdrny,1,trump,True,False
kingsuperiorBA,retraximus,1,trump,True,False
kirkjason12,SenateDems,1,aoc,True,False
kissmecareful,Ilhan,1,aoc,True,False
kissmecareful,TheRealUncleGo2,1,aoc,True,True
kiv_kotare,SenateDems,1,aoc,True,False
kjsr24_,tennismd7,1,aoc,True,True
kldlkld25914941,MidwesternMarx,1,trump,True,False
kldlkld25914941,sl2111,1,trump,True,False
knewgods,45LVNancy,1,trump,True,False
knewgods,CB618444,1,trump,True,False
knewgods,DieHard45RG,1,trump,True,False
knewgods,FireNewz,1,trump,True,False
knewgods,GuntherEagleman,1,trump,True,False
knewgods,KatTheHammer1,1,trump,True,False
knewgods,ROCKONOHIO77,1,trump,True,False
knewgods,RealHickory,1,trump,True,False
knewgods,WizChadwick2,1,trump,True,False
knewgods,beardvet,1,trump,True,False
knewgods,dogspink3,1,trump,True,False
knotalya,RedFish1A,1,aoc,True,False
koalasix6,ChrisNyamabo,1,aoc,True,False
koalasix6,FroemelAndy,1,aoc,True,False
koalasix6,MA_Conlin,1,aoc,True,False
koalasix6,TheHer0ofCanton,1,aoc,True,False
koalasix6,X_StrayDog1,1,aoc,True,False
koalasix6,aajoseinaa,1,aoc,True,False
kodssansal,SenateDems,1,aoc,True,False
krist30505,SenateDems,1,aoc,True,False
krist30505,TheDemocrats,1,aoc,True,False
kshimm72,SenateDems,1,aoc,True,False
kyoketsu_kirari,APBear76,1,aoc,True,False
kyoketsu_kirari,SenateDems,1,aoc,True,False
kyoketsu_kirari,madmant06,1,aoc,True,False
ladyliberty7767,SonofLiberty357,1,trump,True,False
lafoy_cart33020,micom8989,1,trump,True,False
lalone_heather,DjOmegaMVP,1,aoc,True,False
lapunk2000,LucienWolfe111,1,trump,True,False
laraTrump020,Bigdaddyvic77,1,trump,True,False
laraTrump020,MrBabeEllis1,1,trump,True,False
laraTrump020,PatriotXV11,3,trump,True,False
laraTrump020,chantelmaliseb,1,trump,True,False
largetruckload,SenateDems,1,aoc,True,False
largetruckload,pattycake49246,1,aoc,True,True
lastbattleblitz,DianaforQueens,1,aoc,True,False
laughingliberal,JGBPOV3,1,trump,True,False
lawrencejc1987,DianaforQueens,1,aoc,True,False
laxtps1969,SenateDems,1,aoc,True,False
leahluker,RepFine,1,aoc,True,False
leeladagoldden,welovegolddcredit,1,trump,True,False
leftcoastindy,DianaforQueens,1,aoc,True,False
legacyglobalpar,PaulSadusky,1,trump,True,False
legalizefr30493,RepFine,1,aoc,True,False
legendof12thman,SenateDems,1,aoc,True,False
leminala,SenateDems,1,aoc,True,False
leparent,SenSchumer,1,aoc,True,False
leparent,SenateDems,1,aoc,True,False
lescorbeaux_,teapartytempest,1,aoc,True,True
lesliefergusonf,RobertMillike12,1,aoc,True,False
letsgodenver27,SenateDems,1,aoc,True,False
lezzgo32315,F15Synch,1,trump,True,False
libcuck100,grok,2,trump,True,True
libeltheband,SenatorMendoza2,2,aoc,True,False
libeltheband,realMaalouf,2,aoc,True,False
libertadlamarq,tennismd7,1,aoc,True,True
lida_roze,MariaBartiromo,1,trump,True,False
lilabahargulec,MattPRD,1,trump,True,False
lilabahargulec,swarmnode,1,trump,True,False
lilabahargulec,yesnoerror,1,trump,True,False
lilmac1208,priyaee,1,aoc,True,False
lin68279,SenSchumer,1,aoc,True,False
lin68279,SenateDems,1,aoc,True,False
linuxrocks17,SenateDems,1,aoc,True,False
lisa_ander19915,LauraLoomer,1,aoc,True,False
lisa_avery31597,SenateDems,1,aoc,True,False
lisabswill,DianaforQueens,1,aoc,True,False
lisadaily,SenSchumer,1,aoc,True,False
lisadaily,SenateDems,2,aoc,True,False
lisal728233,SenSchumer,1,aoc,True,False
lisal728233,SenateDems,1,aoc,True,False
lisalittle2U,DianaforQueens,2,aoc,True,False
lisalittle2U,Wess_Miller,1,aoc,True,True
litty_forthewin,SenSchumer,1,aoc,True,False
litty_forthewin,SenateDems,1,aoc,True,False
livefromthe3oh5,SenateDems,1,aoc,True,False
ljperk41,_JoHnNa_SwEnSeN,1,trump,True,True
lmiranda820,DianaforQueens,1,aoc,True,False
lmiranda820,leftcoastindy,1,aoc,True,True
lmspence3,DianaforQueens,1,aoc,True,False
lmspence3,KennethFCrowe1,1,aoc,True,False
looklook0608,CEO_X916,1,trump,True,False
lordasimx,i7_95wa,1,aoc,True,False
lordasimx,steelerfanaticx,1,aoc,True,False
lordeath38791,DianaforQueens,1,aoc,True,False
lori_gaddie,Ryan_In_Mi,4,aoc,True,False
lori_gaddie,SenateDems,4,aoc,True,False
lori_gaddie,TakedownMRAs,4,aoc,True,True
lot_neil,DianaforQueens,1,aoc,True,False
louisa_oeffling,SenateDems,1,aoc,True,False
lourob799691,DunleavyRudy,1,trump,True,False
ltjh7,JustinBrannan,1,aoc,True,False
ltsCamo,LauraLoomer,1,aoc,True,False
ltsCamo,stag_LV,1,aoc,True,True
lucidlife231,Dndbreakfast,1,aoc,True,False
lucidlife231,lovinthepainari,1,aoc,True,False
luismendez1208,FaultyMotivator,1,aoc,True,False
luismendez1208,LauraLoomer,1,aoc,True,False
luismevell,LucienWolfe111,1,trump,True,False
lumpawonka,MrScott_,1,trump,True,False
lumpawonka,TONYxTWO,1,trump,True,False
lumpawonka,Yemenimilitary,1,trump,True,False
lumpawonka,lamps_apple,1,trump,True,False
lupin2816,grok,1,trump,True,True
lydiaoakleyy,moment_mirthful,1,trump,True,False
lylsvt,SenateDems,1,aoc,True,False
m0hammad_akash,grok,1,trump,True,True
m66324_k,Acyn,1,aoc,True,False
m_mctest,SenSchumer,1,aoc,True,False
m_mctest,SenateDems,1,aoc,True,False
mac1014,Digvija73188705,1,aoc,True,False
mac1014,JustinBrannan,1,aoc,True,False
mac1014,leftcoastbabe,1,aoc,True,False
macross7420,GodandCountryy,1,trump,True,False
macross7420,SUBRATA30016572,1,trump,True,False
macross7420,TRUMP_ARMY_,1,trump,True,False
mad_pirate6,SenateDems,1,aoc,True,False
madanielson5,GoldenL9886,1,trump,True,False
madanielson5,RobynMi43796472,1,trump,True,False
madanielson5,RyanGGeorge,2,trump,True,False
madanielson5,TenforJ,2,trump,True,False
madanielson5,still_boneless,1,trump,True,False
madarauchiha720,EricTrump,1,trump,True,False
madarauchiha720,Limitless_Token,1,trump,True,False
madarauchiha720,elonmusk,1,trump,True,False
madarauchiha720,goozmareli,1,trump,True,False
madipuppy17,SenSchumer,1,aoc,True,False
madipuppy17,SenateDems,1,aoc,True,False
maebella789,HFritter44263,1,trump,True,False
maebella789,moment_mirthful,2,trump,True,False
maeloitering,ambrose_pike,1,aoc,True,False
mafmove,DianaforQueens,1,aoc,True,False
magavet8,F15Synch,1,trump,True,False
magoki_4,SenateDems,1,aoc,True,False
mahadiso,Cheybey7,1,trump,True,False
mahadiso,MervynCatherine,2,trump,True,True
mahadiso,RealScottRitter,3,trump,True,False
mahadiso,georgegalloway,3,trump,True,False
maher_debb97311,GavinNewsom,1,trump,True,False
maher_debb97311,saras76,1,trump,True,False
maiyaandlilly,BeersMalone,1,aoc,True,False
maiyaandlilly,Firekraker72,1,aoc,True,False
maiyaandlilly,SenSchumer,2,aoc,True,False
maiyaandlilly,SenateDems,7,aoc,True,False
maiyaandlilly,barbarikon,1,aoc,True,False
maiyaandlilly,lowtempo,1,aoc,True,False
maiyaandlilly,stannny71,1,aoc,True,False
majordad551,krassenstein,1,trump,True,False
mallidestruc,grok,5,trump,True,True
malonealic61163,SenateDems,1,aoc,True,False
mamacancookit,DianaforQueens,1,aoc,True,False
mandywantsmaga,tigerkimmer,1,aoc,True,False
marcyvejar1217,LucienWolfe111,1,trump,True,False
mariagraceb,tennismd7,1,aoc,True,True
mariclarecj,AqunetX,1,trump,True,False
mariclarecj,JamesSmith15941,1,trump,True,False
marotta9566,Dndbreakfast,1,aoc,True,False
martyintexas1,SenateDems,1,aoc,True,False
marvelenth,grok,6,trump,True,True
mas91139028,FrankDangelo23,1,trump,True,True
masetwane_,KimManbeck23716,1,trump,True,True
masonbo,SenSchumer,1,aoc,True,False
masonbo,SenateDems,1,aoc,True,False
massrealty,QnMoneyy,1,trump,True,True
massrealty,krassenstein,1,trump,True,False
masterhogman,SenateDems,1,aoc,True,False
mateo__noah,Emination09,1,trump,True,False
mateo__noah,ScottCrisp51777,2,trump,True,False
mathtick,Black_Legacy83,1,trump,True,False
matrixnevermore,RepDarkMoney,1,trump,True,False
matrixnevermore,Yemenimilitary,1,trump,True,False
matrixnevermore,jgilli9,1,trump,True,False
maxeastridge,Lara_maga47,1,trump,True,False
maxeastridge,RapidResponse47,1,trump,True,False
mayani5119,danjrscav04,1,trump,True,False
mbattles65,AutismCapital,3,trump,True,False
mbattles65,freedommoney101,3,trump,True,False
mbattles65,quilssachent,2,trump,True,False
mbinder64,LangmanVince,1,aoc,True,False
mcmanx,SenateDems,1,aoc,True,False
mcmanx,TinaSmithMN,1,aoc,True,False
mdrutled,DN_0712,1,trump,True,True
me2019_just,ChrisNyamabo,1,aoc,True,False
medcop2001,AnnZuerner,1,trump,True,False
medcop2001,IvankaNews_,3,trump,True,False
medcop2001,ajmunozn,1,trump,True,False
medcop2001,ddrchika,1,trump,True,False
meekajr,Irreverent888,1,aoc,True,True
mel_39,moment_mirthful,1,trump,True,False
meliandee,DianaforQueens,1,aoc,True,False
meliandee,danturrentine,1,aoc,True,False
melodypagan70,IvankaNews_,1,trump,True,False
melodypagan70,JohnWolstencro2,1,trump,True,False
melodypagan70,___Khonshu___,1,trump,True,False
melodypagan70,yvonneridley,1,trump,True,False
memoryisourhome,DianaforQueens,1,aoc,True,False
mennantnrkt,Karen_Page1015,1,trump,True,False
mes066,IfSixWere9,1,trump,True,False
miamalkovanm,rafie4219,1,trump,True,False
miaranklinlnj9,ClayFranklin,1,trump,True,True
miaranklinlnj9,ErickCh80578480,1,trump,True,True
miaranklinlnj9,ron991822,1,trump,True,False
miblueskies,henrydonaldleo,1,trump,True,False
michael_ol44713,moment_mirthful,1,trump,True,False
michelekellypsy,SenateDems,1,aoc,True,False
michellecahn510,robbystarbuck,4,aoc,True,False
michellecahn510,sunan963,3,aoc,True,True
mickfosterphd,AliceUsmonov22,1,trump,True,False
mickfosterphd,TRUMP_ARMY_,1,trump,True,False
mickfosterphd,aol,1,trump,True,False
mickfosterphd,jimstewartson,1,trump,True,False
midge_ash,DianaforQueens,1,aoc,True,False
midnitelunch,SenateDems,1,aoc,True,False
mightbetrue3,SenateDems,1,aoc,True,False
mikebike525,SenateDems,1,aoc,True,False
mikes33383469,krassenstein,1,trump,True,False
mikey10101011,SUBRATA30016572,1,trump,True,False
mikeycell3,SenateDems,1,aoc,True,False
millie3939,TheGlobal_Index,1,trump,True,False
mindwhat,SenateDems,1,aoc,True,False
mira_unrated,Markdodger12,1,trump,True,True
mirsole187,XianMycroft,8,trump,True,True
missD53577909,AuntieD12,1,aoc,True,False
missD53577909,GerardoHLA,1,aoc,True,False
missD53577909,davidsmithplus,1,aoc,True,False
missD53577909,mattvanswol,3,aoc,True,False
missD53577909,nightjuice,1,aoc,True,False
missD53577909,smallpau1,1,aoc,True,False
miss__chubbs,holly__heart,1,trump,True,False
miss__chubbs,packageman80415,1,trump,True,True
missgreenbeanz1,TrappedInFlesh,1,aoc,True,True
misshaywire,Emeliarjl,1,aoc,True,False
misshaywire,RepFine,1,aoc,True,False
misshaywire,toninousa,1,aoc,True,True
mistro1921,SenateDems,1,aoc,True,False
mizmaggiemae,GOP,1,aoc,True,False
mizmaggiemae,SenateDems,1,aoc,True,False
mjZnfRXiQOS6l66,Aurkayne,4,trump,True,False
mnike_likes_it,JackPosobiec,1,trump,True,False
mojintru,i7_95wa,1,aoc,True,False
mojintru,steelerfanaticx,1,aoc,True,False
momstery,ceodogeplanentO,1,trump,True,False
monicaadum100,IanMalcolm84,1,trump,True,False
monicaadum100,meantweeting1,1,trump,True,False
monikaldz,CryptoIRELAND1,1,trump,True,False
monikaldz,TNT_arabic,1,trump,True,False
mosayebzadeh313,SecDef,1,trump,True,False
mountainangel62,DianaforQueens,1,aoc,True,False
mountainangel62,SenSchumer,4,aoc,True,False
mountainangel62,SenateDems,4,aoc,True,False
mrbill619,RepFine,1,aoc,True,False
mrfoxesite4482,TenforJ,1,trump,True,False
mrgoodbar925,NotaRINO2025,1,trump,True,False
mrgoodbar925,kinglimecat,1,trump,True,False
mrgoodbar925,krassenstein,1,trump,True,False
mslanii0,grok,1,trump,True,True
msosbagholder,SenateDems,1,aoc,True,False
msvetam,DianaforQueens,2,aoc,True,False
mullenp72,SenateDems,1,aoc,True,False
muskevolution_1,wazzarh,1,trump,True,False
muy_bro89458,grok,18,trump,True,True
muy_bro89458,sheluvvmikeyyyy,18,trump,True,True
mw1220aw,NotAvgLiberal,1,trump,True,False
mw1220aw,PeacenMEast,1,trump,True,False
mw1220aw,TRUMP_ARMY_,1,trump,True,False
mw1220aw,saras76,2,trump,True,False
mwal7777,sunviewplanet,1,trump,True,True
mwdowdsr_dowd,Bjorcrestsxon,1,trump,True,False
mwmoney10,GuntherEagleman,1,trump,True,False
mwmoney10,WesternWatts,1,trump,True,True
mwmoney10,patriothq,1,trump,True,False
mybailee86,CobyValentine24,1,trump,True,True
mybailee86,GuntherEagleman,1,trump,True,False
mybailee86,NotaRINO2025,1,trump,True,False
mybailee86,WHLeavitt,2,trump,True,False
mybailee86,kinglimecat,1,trump,True,False
mybailee86,krassenstein,1,trump,True,False
mybailee86,robertsepehr,2,trump,True,False
n33mzworld,SenSchumer,1,aoc,True,False
n33mzworld,SenateDems,2,aoc,True,False
n33mzworld,pattycake49246,1,aoc,True,True
n9thpwzgkg,CaseyLeonard,1,aoc,True,False
naomi_x_nada,Ravanelli1996,1,aoc,True,True
naomi_x_nada,ShalerZach,1,aoc,True,False
naomi_x_nada,TheRightsAngle,1,aoc,True,False
naomi_x_nada,realMaalouf,4,aoc,True,False
naomi_x_nada,xXBROKENXx1981,1,aoc,True,True
nashvillebaba,ChristinaHambu4,1,trump,True,True
nashvillebaba,Garrett_Fella,1,trump,True,False
nasigoreng1123,aura_playai,1,trump,True,True
nathanReddy80,ICEgov,1,trump,True,False
nathanReddy80,mangolassi93,1,trump,True,False
nathanReddy80,nickshirleyy,1,trump,True,False
nazm7402,DianaforQueens,1,aoc,True,False
ncnycboy,SenateDems,1,aoc,True,False
nepeddler,SenateDems,1,aoc,True,False
nesulli1,SenateDems,1,aoc,True,False
newgame2day,GWR,1,trump,True,False
nj_cooley,TKPOE13,1,aoc,True,False
noXflyXzone,Bmmoody,2,aoc,True,True
noXflyXzone,DianaforQueens,2,aoc,True,False
nobodylikeyou_2,SenateDems,1,aoc,True,False
nodie1982,SenateDems,1,aoc,True,False
nomukik,SenateDems,1,aoc,True,False
noriello,PawnBonneyLake,1,trump,True,False
noriello,thepagangoddess,1,trump,True,True
not_Erika,SenateDems,2,aoc,True,False
notanambivert,CAgovernor,1,trump,True,False
notanambivert,GuntherEagleman,1,trump,True,False
nothemeparty,F15Synch,1,trump,True,False
notjohnr,gork,3,trump,True,True
npalsgard,GuntherEagleman,1,trump,True,False
ns_mbs,JamieBonkiewicz,1,trump,True,False
nsbowen,SenateDems,1,aoc,True,False
nsfw_peaches_,SenateDems,1,aoc,True,False
nycsaavedra,TheRightMelissa,1,trump,True,False
nycsaavedra,breadwinnerko,1,trump,True,False
obnoxious128121,GeckosButt90472,1,aoc,True,True
obnoxious128121,KurtSchlichter,1,aoc,True,False
obnoxious128121,blake658117,1,aoc,True,False
obnoxious128121,grok,1,aoc,True,True
oh__snaps,AnilaNaeem6,1,trump,True,False
oh__snaps,BigcTexas,2,trump,True,False
okfreelancer,ConcreteXCrypto,1,trump,True,False
oldcolonel9,CaffMomREDACTED,1,aoc,True,False
oldcolonel9,boywithk9news,1,aoc,True,False
olgrumpyfart2,SenateDems,1,aoc,True,False
ombret1,DianaforQueens,1,aoc,True,False
ombret1,elonmusk,1,aoc,True,False
onearmedpoly,JustinBrannan,1,aoc,True,False
onlycorrectguy,SenateDems,1,aoc,True,False
originalJRC,ChrisNyamabo,1,aoc,True,False
orvelaquez,AGPamBondi,1,trump,True,False
orvelaquez,BarronTNews_,1,trump,True,False
orvelaquez,DonaldJTrumpJr,1,trump,True,False
orvelaquez,FoxNews,1,trump,True,False
orvelaquez,JDVance,1,trump,True,False
orvelaquez,LaraLeaTrump,1,trump,True,False
orvelaquez,MELANIATRUMP,1,trump,True,False
orvelaquez,MrsErikaKirk,1,trump,True,False
orvelaquez,POTUS,1,trump,True,False
orvelaquez,PeteHegseth,1,trump,True,False
orvelaquez,PressSec,1,trump,True,False
orvelaquez,RpsAgainstTrump,1,trump,True,False
orvelaquez,SecRubio,1,trump,True,False
orvelaquez,SecScottBessent,1,trump,True,False
orvelaquez,Sec_Noem,1,trump,True,False
orvelaquez,StephenM,1,trump,True,False
orvelaquez,TuckerCarlson,1,trump,True,False
orvelaquez,howardlutnick,1,trump,True,False
orvelaquez,tedcruz,1,trump,True,False
outlawcnsorship,DD_Degreen,1,aoc,True,False
packageman80415,holly__heart,1,trump,True,False
packageman80415,miss__chubbs,1,trump,True,True
pal_98057,SenateDems,1,aoc,True,False
pandemic1776,Ilhan,1,aoc,True,False
pankajrpatel176,StephenM,4,trump,True,False
papadilbert,Coste1Costello,1,aoc,True,False
parent_divorced,Yemenimilitary,1,trump,True,False
parent_divorced,s_m_marandi,1,trump,True,False
parkeg1,DianaforQueens,1,aoc,True,False
parkeg1,TheUnitedSpot__,1,aoc,True,True
pastureofmuppet,SenSchumer,1,aoc,True,False
pastureofmuppet,SenateDems,1,aoc,True,False
patriciaapick,LauraLoomer,1,aoc,True,False
patriot39946258,YouTube,2,trump,True,False
patrioticUSA40,4HumanUnity,1,trump,True,False
patsmit84778067,ChrisNyamabo,1,aoc,True,False
patsmit84778067,Colleen25703211,1,aoc,True,True
patsmit84778067,RepFine,1,aoc,True,False
patsmit84778067,SenSchumer,1,aoc,True,False
patsmit84778067,SenateDems,1,aoc,True,False
pattycake49246,JPicton43630,3,aoc,True,True
pattycake49246,SenateDems,3,aoc,True,False
pbarr,SenSchumer,1,aoc,True,False
pbarr,SenateDems,1,aoc,True,False
pbarr,TheDemocrats,1,aoc,True,False
pcstuart31,_TrumpChannel,1,trump,True,False
pegatha50,ecflsd,1,trump,True,False
pegatha50,saras76,2,trump,True,False
pegjon14,DianaforQueens,1,aoc,True,False
pehewtz,DianaforQueens,2,aoc,True,False
pehewtz,SenateDems,1,aoc,True,False
perrin_derrick,OGCannaKingCA,1,aoc,True,False
perrykeet,leftcoastbabe,1,aoc,True,False
pete_bad_song,ShereeWokeAF,2,trump,True,False
petejal2413,SenateDems,1,aoc,True,False
peterefeob49041,RandyRiblett,5,trump,True,True
peterefeob49041,jennelisa,1,trump,True,True
peterefeob49041,jfdear,1,trump,True,True
philbutta,DianaforQueens,1,aoc,True,False
phill98407,GodandCountryy,1,trump,True,False
phillhetrick,SenateDems,1,aoc,True,False
pineconecop1916,DianaforQueens,1,aoc,True,False
pineres3,SenateDems,1,aoc,True,False
pinkgoddesss,DonaldJTrumpJr,1,trump,True,False
pinkgoddesss,PamBondi,1,trump,True,False
pinkgoddesss,Sec_Noem,1,trump,True,False
pinkgoddesss,alinic1996,1,trump,True,False
pinkgoddesss,msGrassharp,1,trump,True,False
piyushforensics,Anbcageabctb,1,trump,True,False
piyushforensics,BigWayneConley,1,trump,True,False
piyushforensics,Chicago1Ray,1,trump,True,False
piyushforensics,DALEMAHONEY1,1,trump,True,False
piyushforensics,DmodosCutter,1,trump,True,False
piyushforensics,F48120x002,1,trump,True,False
piyushforensics,FreeDuck,1,trump,True,False
piyushforensics,GovMikeHuckabee,1,trump,True,False
piyushforensics,Haintz_MediaLaw,1,trump,True,False
piyushforensics,Idan_core,1,trump,True,False
piyushforensics,Ink8Judy,4,trump,True,True
piyushforensics,IvankaNews_,1,trump,True,False
piyushforensics,LibsHateUs,1,trump,True,False
piyushforensics,NicolaiNihilist,1,trump,True,False
piyushforensics,PDArevolutionar,1,trump,True,False
piyushforensics,PJBrizzle,1,trump,True,False
piyushforensics,RandomTheGuy_,2,trump,True,False
piyushforensics,ShieldsClips,1,trump,True,False
piyushforensics,Uvra66,1,trump,True,False
piyushforensics,Vickhawkkens,1,trump,True,False
piyushforensics,YetisSemati,1,trump,True,False
piyushforensics,YourAnonNews,1,trump,True,False
piyushforensics,___Khonshu___,1,trump,True,False
piyushforensics,_iamblakeley,1,trump,True,False
piyushforensics,abozul93,1,trump,True,True
piyushforensics,ayoobe60,1,trump,True,False
piyushforensics,eric_c_anderson,1,trump,True,False
piyushforensics,iamshalabhkumar,1,trump,True,False
piyushforensics,manlio_ros87270,1,trump,True,False
piyushforensics,ogzfb07,1,trump,True,False
piyushforensics,rockpipe,1,trump,True,True
piyushforensics,tweet4Anna_NAFO,1,trump,True,False
piyushforensics,yousefiaa,1,trump,True,False
piyushforensics,yvonneridley,1,trump,True,False
pjam57,data_republican,1,aoc,True,False
pjk101408,DLompoc,1,trump,True,True
pjk101408,FNRJ123,1,trump,True,False
pjk101408,LyngeRobert,1,trump,True,False
pjk101408,Mearii18551901,1,trump,True,False
pjk101408,Rechacho1,1,trump,True,False
pjk101408,RobynMi43796472,2,trump,True,False
pjk101408,Ryguld,1,trump,True,False
pjk101408,SchwarmDean,1,trump,True,True
pjk101408,TenforJ,1,trump,True,False
pjk101408,TheRightMelissa,21,trump,True,False
pjk101408,Ttopcat333,1,trump,True,True
pjk101408,_DrFred_,1,trump,True,True
pjk101408,captive_ia_,1,trump,True,False
pjk101408,glad_e8r,1,trump,True,False
pjk101408,gomksdkh45879,1,trump,True,False
pjk101408,hargus606,1,trump,True,False
pjk101408,jroriole8fan,2,trump,True,False
pjk101408,k_ovfefe2,5,trump,True,False
pjk101408,louisng1111,1,trump,True,False
pjk101408,simplelife2027,1,trump,True,False
pjk101408,still_boneless,1,trump,True,False
pjk101408,thothcosmic,7,trump,True,True
pleasewhinemore,KEEFERDOGGIE,1,aoc,True,False
pmcelhernejr,MZHemingway,1,aoc,True,False
pmurphey47,SenJohnKennedy,1,aoc,True,False
pnkflydrx,IAbhay_Pratap,1,trump,True,False
poidog224,SenateDems,3,aoc,True,False
poidog224,_jamesmck,1,aoc,True,False
poiu477,Yemenimilitary,1,trump,True,False
poiu477,aclownin1,1,trump,True,True
pokerjediobx,LauraLoomer,1,aoc,True,False
policingclowns,SenateDems,1,aoc,True,False
politicalgirl14,thegreatgig8,1,trump,True,True
pookie_458,OneBadDude_,1,trump,True,False
pookie_458,magaiscruel8647,1,trump,True,False
popsdaman3,JohnnyVomits,1,aoc,True,False
popsdaman3,guyczar,1,aoc,True,True
popsdaman3,mehdirhasan,1,aoc,True,False
prinsbuttrcup65,DanBilzerian,2,trump,True,False
prinsbuttrcup65,Insoo18049360,2,trump,True,True
prinsbuttrcup65,Lardhorse,2,trump,True,False
prinsbuttrcup65,RapidResponse47,2,trump,True,False
prinsbuttrcup65,analyticnomad1,2,trump,True,False
prof288044,POTUS,1,trump,True,False
prolibertate7,SenateDems,1,aoc,True,False
prolifeai,DianaforQueens,1,aoc,True,False
psalm1322,POTUS,1,trump,True,False
psalm1322,warringsaint2,1,trump,True,False
purf3ctbleu,DianaforQueens,1,aoc,True,False
pxg6j5pkq92,PoliticalStacy,1,aoc,True,False
quetzalyao,BillOReilly,1,trump,True,False
quetzalyao,CIA,1,trump,True,False
quetzalyao,DEAHQ,1,trump,True,False
quetzalyao,DHSgov,1,trump,True,False
quetzalyao,GOP,1,trump,True,False
quetzalyao,MrLotario,1,trump,True,False
quetzalyao,POTUS,1,trump,True,False
quetzalyao,SCJN,1,trump,True,False
quetzalyao,SecRubio,1,trump,True,False
quetzalyao,StateDept,1,trump,True,False
quetzalyao,TheJusticeDept,1,trump,True,False
quetzalyao,TomHoman_,1,trump,True,False
quetzalyao,USAmbMex,1,trump,True,False
quietman1972,SenSchumer,1,aoc,True,False
quietman1972,SenateDems,1,aoc,True,False
quinn_charley21,SenateDems,2,aoc,True,False
rachelMarcengil,GuntherEagleman,1,aoc,True,False
rachelMarcengil,birdungus,1,aoc,True,False
rachjono,inaaya1511,1,trump,True,False
ramanshekhar007,CityofHamtramck,3,trump,True,False
ramanshekhar007,Lions,3,trump,True,False
ramanshekhar007,MichEnvCouncil,3,trump,True,False
ramanshekhar007,detroitnews,3,trump,True,False
ramanshekhar007,freep,3,trump,True,False
ramanshekhar007,moment_mirthful,3,trump,True,False
ravenfzp_,Mark_Geertsma94,1,aoc,True,False
raytonjory2,SenateDems,1,aoc,True,False
raytonjory2,TheDemocrats,1,aoc,True,False
realCamiloA2002,teapartytempest,1,aoc,True,True
realantfar,goddek,1,trump,True,False
realfullpro,DianaforQueens,1,aoc,True,False
realjfriedmann,DianaforQueens,1,aoc,True,False
realme6743,SenateDems,1,aoc,True,False
realrepayne,SenateDems,1,aoc,True,False
redbarnfitness,harryjsisson,1,aoc,True,False
redclh75,GuntherEagleman,1,trump,True,False
redleg1066,SenateDems,1,aoc,True,False
remy_ofc,grok,1,trump,True,True
rey175855,DianaforQueens,1,aoc,True,False
reyesfan14,SenateDems,1,aoc,True,False
rgbumarian,LeftyWinter,1,aoc,True,False
rhinosirles,DianaforQueens,1,aoc,True,False
rick_gillotte,SenateDems,1,aoc,True,False
rison4freedom,RayCardone,1,trump,True,False
rjdavin,thegreatgig8,1,trump,True,True
rjfitz4321,OptimusSolo,1,aoc,True,True
rmhealy25,DinaChokichova,1,trump,True,False
rnsgarden,AutismCapital,4,trump,True,False
rnsgarden,Debster228282,8,trump,True,True
robert1500nobt,Eric_trump21,1,trump,True,False
robertatlee,SenateDems,1,aoc,True,False
robjon50,DianaforQueens,1,aoc,True,False
roblewisviyy,livingfree76,1,aoc,True,False
rochvillard66,benjaminyanks,1,trump,True,False
rockmoore83,GuntherEagleman,1,trump,True,False
rocky249142,jrgoob,1,aoc,True,True
rolfam1776,i7_95wa,1,aoc,True,False
roll_tide_deb,DaisyBelleLace,1,trump,True,False
roll_tide_deb,TorstenProchnow,1,trump,True,False
romrell_t,SenateDems,1,aoc,True,False
rosasaenz72,IlhanMN,1,trump,True,False
roscoe47,MagnumKeith,1,aoc,True,False
roscoe47,T_rashPandada,1,aoc,True,True
roscoe47,andrewilliamsus,1,aoc,True,False
roscoe47,harryjsisson,1,aoc,True,False
ross__traci,AveryDaye,1,aoc,True,False
ross__traci,SenateDems,1,aoc,True,False
rott1964,krassenstein,1,trump,True,False
roun_sa_ville,SenateDems,1,aoc,True,False
roxsalt10,LinLovesTwitttr,1,aoc,True,False
roxymarks,Ilhan,1,aoc,True,False
roxymarks,IlhanMN,2,aoc,True,False
roxymarks,OYourNameHereO,1,aoc,True,False
roxymarks,X_StrayDog1,1,aoc,True,False
rsuazo524,DianaforQueens,1,aoc,True,False
rttate1,SenateDems,1,aoc,True,False
rubyrubyruby33,SenateDems,1,aoc,True,False
ruiz44601,SenJohnKennedy,1,aoc,True,False
rumtimesunshine,LeaderJohnThune,1,aoc,True,False
rumtimesunshine,SenateDems,1,aoc,True,False
rumtimesunshine,SpeakerJohnson,1,aoc,True,False
rupps_runt,DianaforQueens,1,aoc,True,False
rvinny87,SenateDems,1,aoc,True,False
sPrakash007,EricLDaugh,1,trump,True,False
s_o_l_o_m_o_n12,Bodilsasja,1,aoc,True,False
s_o_l_o_m_o_n12,DPants2023,1,aoc,True,False
s_o_l_o_m_o_n12,alpookat_,1,aoc,True,False
s_o_l_o_m_o_n12,bilbo489338,3,aoc,True,False
s_o_l_o_m_o_n12,thereal_sstorm,1,aoc,True,False
s_o_l_o_m_o_n12,visegrad24,5,aoc,True,False
s_sharky214,SenateDems,1,aoc,True,False
s_sharky214,lowtempo,1,aoc,True,False
s_sharky214,maiyaandlilly,1,aoc,True,True
s_stormstrider,capthadi,1,trump,True,False
sabrina_zyx,DianaforQueens,1,aoc,True,False
salcatofficial,ATTNtoken,2,trump,True,False
salcatofficial,GiveRep,2,trump,True,False
salcatofficial,SuiNetwork,2,trump,True,False
salli8246,DianaforQueens,1,aoc,True,False
sally_12grands,xIsraelExposedx,1,trump,True,True
samsong312_sam,s_m_marandi,1,trump,True,False
samuelbarber80,JerryOaksmith,1,trump,True,False
samuelbarber80,RealAndersonBen,1,trump,True,True
samuelbarber80,SystemSkeptics,1,trump,True,False
samuelbarber80,ammobarbie1,1,trump,True,False
samuelbarber80,buckey_robert,1,trump,True,False
samuelbarber80,saras76,1,trump,True,False
samuelbarber80,singforjoy123,1,trump,True,False
samuelbarber80,thegreatgig8,6,trump,True,True
sand61284,DianaforQueens,1,aoc,True,False
sanditambini,Doembon,2,aoc,True,False
sanditambini,Luckyshotz48390,1,aoc,True,False
sanditambini,trulycrys_,1,aoc,True,False
sandyallar73741,TheGasStovee,1,trump,True,False
sandybutcrack,JustinBrannan,1,aoc,True,False
sarahohhhhhh,CAgovernor,1,trump,True,False
sav23033,MaryVanH16,1,trump,True,False
sav23033,RealScottRitter,2,trump,True,False
sav23033,YountCortesi,1,trump,True,False
sav23033,georgegalloway,1,trump,True,False
savegaza_0,1776coldbeers,1,trump,True,False
savo24s,GTBAGF,9,trump,True,True
savo24s,Herbaughszn,9,trump,True,True
savo24s,grok,9,trump,True,True
savo24s,hej5gbie95223,9,trump,True,False
savo24s,krassenstein,9,trump,True,False
say_what001,MikeHeals73,1,aoc,True,False
scaryman42,Jaxinthejungle,1,trump,True,True
scaryman42,Trump_Regrets,1,trump,True,False
scatteredbody,Nick11894,1,trump,True,True
schawanensee,GodandCountryy,1,trump,True,False
scholarship_rw,grok,5,trump,True,True
scorpoetsoul,SenateDems,1,aoc,True,False
scothatt,DianaforQueens,2,aoc,True,False
seanepugh,OakSmith2018,2,trump,True,True
seanepugh,Stella302917413,2,trump,True,False
seasan07,PMOIndia,1,trump,True,False
seasan07,cnni,1,trump,True,False
seasan07,narendramodi,1,trump,True,False
seil752,barrontrump4162,1,trump,True,False
semasema0197714,fika_world,1,trump,True,True
send_me_the_b,DianaforQueens,1,aoc,True,False
setoakari17,qmap17eri,1,trump,True,False
shadebathing,moment_mirthful,1,trump,True,False
shadow_liq44118,_AlexHirsch,1,aoc,True,False
shadowdancerC96,SenateDems,1,aoc,True,False
shahidhasan78,Winkcheers,1,trump,True,False
shaman2263,SenateDems,1,aoc,True,False
shawna010972,SenateDems,1,aoc,True,False
sheila_reo53427,Yemenimilitary,1,trump,True,False
shelbydennis56,Ravious101,1,trump,True,False
shelbydennis56,Sandfort_,1,trump,True,False
sheluvvmikeyyyy,grok,26,trump,True,True
sheluvvmikeyyyy,muy_bro89458,26,trump,True,True
sherry_fremont,SenateDems,1,aoc,True,False
sherrywill36371,SenateDems,1,aoc,True,False
shynafo,starrshine369,1,trump,True,True
silvertangent,JackMeoff1488,1,trump,True,False
silvertangent,Sarah4Trump_,1,trump,True,False
silvertangent,frost47015,1,trump,True,True
silvertangent,janice530604,1,trump,True,False
silvertangent,matt_vanswol,2,trump,True,False
silvertangent,moment_mirthful,2,trump,True,False
silvertangent,robertsepehr,2,trump,True,False
simba_littleman,Yemenimilitary,1,trump,True,False
simmons_jumper,catturd2,1,aoc,True,False
simonjameshowes,moment_mirthful,1,trump,True,False
simonjameshowes,robertsepehr,1,trump,True,False
siouxzqtwo,DoNotCastPearls,1,aoc,True,True
siouxzqtwo,SenateDems,1,aoc,True,False
siouxzqtwo,TheDemocrats,1,aoc,True,False
siskaren13,JustinBrannan,1,aoc,True,False
siskaren13,RachelleAd69731,2,aoc,True,True
siskaren13,RogueColonist,1,aoc,True,True
siskaren13,dontquitRgiveup,1,aoc,True,False
siskaren13,leftcoastbabe,3,aoc,True,False
sketchyflakes,SenateDems,1,aoc,True,False
skj7000t,FrankDangelo23,1,trump,True,True
skj7000t,chessking9893,1,trump,True,False
slikvee,CrazyVibes_1,1,trump,True,False
slikvee,MrPitbull07,1,trump,True,False
slikvee,moment_mirthful,1,trump,True,False
sloffing,Dndbreakfast,1,aoc,True,False
sloffing,deanmays65,1,aoc,True,False
slvrstar001,SenateDems,1,aoc,True,False
smile_nagpal,Flipkart,2,trump,True,False
smile_nagpal,FlipkartStories,1,trump,True,False
smile_nagpal,JohnCena,2,trump,True,False
smile_nagpal,_Kalyan_K,1,trump,True,False
smile_nagpal,elonmusk,1,trump,True,False
smile_nagpal,flipkartsupport,1,trump,True,False
smile_nagpal,nsitharaman,1,trump,True,False
smith89728,DianaforQueens,1,aoc,True,False
smith_vera36655,DianaforQueens,1,aoc,True,False
snoopsbraid,DianaforQueens,1,aoc,True,False
snydereriik,ArtCandee,2,trump,True,False
softlygothicc,SenateDems,1,aoc,True,False
sojincy,DianaforQueens,1,aoc,True,False
sojourner0777,s_m_marandi,1,trump,True,False
solar_dragon24,Matt_VanDyke,1,trump,True,False
solar_dragon24,allgoodmight,1,trump,True,True
solar_dragon24,grok,1,trump,True,True
soleiljoy0413,AlexParkerwltd,1,aoc,True,False
solomonid0000,PumpDotFunGuy,1,trump,True,False
sotiredstill,SenateDems,1,aoc,True,False
spaacingout,BrilynHollyhand,2,trump,True,False
spaacingout,ILA_NewsX,1,trump,True,False
spaacingout,Real_JaredMarsh,2,trump,True,False
spaacingout,whynot111110,1,trump,True,True
spirodeezium,SenateDems,1,aoc,True,False
spyoptionspick,DianaforQueens,1,aoc,True,False
squid_kid68,Yemenimilitary,1,trump,True,False
ssatou654934,qmap17eri,1,trump,True,False
ssw750,ILA_NewsX,1,trump,True,False
stag_LV,LauraLoomer,1,aoc,True,False
stag_LV,ltsCamo,1,aoc,True,True
stankloaf,MuellerSheWrote,1,aoc,True,False
starmack86,SenateDems,1,aoc,True,False
starryplough67,HunterB3307620,1,trump,True,False
starryplough67,MrMalteaserMAN,1,trump,True,False
stentornato,Jennifer187923,1,trump,True,False
steve_midw76854,SenateDems,1,aoc,True,False
stonkslab,Nick11894,1,trump,True,True
subhashkumar,DianaforQueens,1,aoc,True,False
sublimenate,SenateDems,1,aoc,True,False
sublimenate,helisbor,1,aoc,True,False
subz_to,Greengiggles420,1,trump,True,False
subz_to,IvankaNews_,1,trump,True,False
subz_to,tompitty71,1,trump,True,False
sueann1101,JanKosFuller,2,aoc,True,True
sueann1101,robbystarbuck,2,aoc,True,False
sukTHEfac,GuntherEagleman,1,trump,True,False
sunan963,michellecahn510,4,aoc,True,True
sunan963,robbystarbuck,4,aoc,True,False
sunnydaayy2023,POTUS,1,trump,True,False
sunraybliss,CEO_X916,1,trump,True,False
sunraybliss,EdKrassen,1,trump,True,False
sunraybliss,NotaRINO2025,1,trump,True,False
sunviewplanet,moment_mirthful,2,trump,True,False
surban99,SenSchumer,1,aoc,True,False
surban99,SenateDems,1,aoc,True,False
susie_pitt1,RepFine,2,aoc,True,False
svenmheroking,Fluffysf,3,trump,True,False
svenmheroking,MelodieLed6843,3,trump,True,False
svenmheroking,TRUMP_ARMY_,3,trump,True,False
svppb7,JDVance,1,trump,True,False
svppb7,StateDept,1,trump,True,False
svppb7,mfa_russia,1,trump,True,False
sweetteddy0,SenateDems,1,aoc,True,False
t_baltz,DianaforQueens,1,aoc,True,False
tardyhard,DianaforQueens,1,aoc,True,False
tchavez77,georgina_l18245,1,trump,True,False
tchavez77,lamps_apple,1,trump,True,False
teapartytempest,0xprimdotfun,5,aoc,True,True
teapartytempest,Bacon_Puddin,1,aoc,True,True
teapartytempest,DianaforQueens,69,aoc,True,False
teapartytempest,GallFAM4,4,aoc,True,True
teapartytempest,GerryRiver55569,44,aoc,True,True
teapartytempest,GoskerSabi73024,1,aoc,True,False
teapartytempest,IrishNinja1981,2,aoc,True,True
teapartytempest,JimHunt1464487,5,aoc,True,False
teapartytempest,JonSavoyiSwear,17,aoc,True,True
teapartytempest,LeftyWinter,1,aoc,True,False
teapartytempest,LewickiLib21260,2,aoc,True,True
teapartytempest,Mkml63m3,1,aoc,True,False
teapartytempest,PMM32601,1,aoc,True,True
teapartytempest,PopTartsdSmores,17,aoc,True,True
teapartytempest,RandallDavidMo2,1,aoc,True,True
teapartytempest,SardiLilia,2,aoc,True,True
teapartytempest,ShiffardDDeuce,1,aoc,True,True
teapartytempest,Stinkshovel,3,aoc,True,True
teapartytempest,StrosHitByPitch,1,aoc,True,True
teapartytempest,TardSlapper,18,aoc,True,False
teapartytempest,TheSportPigeon,4,aoc,True,True
teapartytempest,TheUnitedSpot__,2,aoc,True,True
teapartytempest,VictorSpolia187,1,aoc,True,False
teapartytempest,WAServers,2,aoc,True,True
teapartytempest,badspeed66,3,aoc,True,True
teapartytempest,chi_street_crew,1,aoc,True,True
teapartytempest,cyre2067,1,aoc,True,True
teapartytempest,el_shaddai33,1,aoc,True,True
teapartytempest,hiphoperaganda,1,aoc,True,False
teapartytempest,jerseygirl007rn,1,aoc,True,True
teapartytempest,kadywriter,1,aoc,True,False
teapartytempest,lescorbeaux_,2,aoc,True,True
teapartytempest,lisabswill,1,aoc,True,True
teapartytempest,livingfree76,2,aoc,True,False
teapartytempest,markr82571486,1,aoc,True,False
teapartytempest,parkeg1,1,aoc,True,True
teapartytempest,realCamiloA2002,2,aoc,True,True
teapartytempest,tennismd7,2,aoc,True,True
teapartytempest,traffenstedt,7,aoc,True,True
tennismd7,teapartytempest,1,aoc,True,True
teresabird282,StephenM,1,trump,True,False
terguson27,X_StrayDog1,1,aoc,True,False
terrymartinn16,sizzle_sarah,1,aoc,True,True
tex_cynic,StephenM,1,trump,True,False
texastornado03,SenateDems,1,aoc,True,False
thankyou410,SenateDems,1,aoc,True,False
thatTTlady,SenateDems,1,aoc,True,False
theAMFK,SenateDems,1,aoc,True,False
theAMFK,mynamehear,1,aoc,True,False
theSPEARmethod,SenateDems,1,aoc,True,False
theVatOfButter,emilysavesusa,1,aoc,True,False
the_BaldPatriot,Kierstarmer147,1,trump,True,False
the_BaldPatriot,netanyahu,1,trump,True,False
thebars2low,SenateDems,1,aoc,True,False
thebirdpreserve,SenSchumer,1,aoc,True,False
thebirdpreserve,SenateDems,1,aoc,True,False
thecrow365,kevinnbass,1,aoc,True,False
thecrussian,HVaxxer,1,aoc,True,True
thecrussian,RyderCopeland,1,aoc,True,True
thecrussian,calebdollar,1,aoc,True,False
thecrussian,timoliver1414,1,aoc,True,True
theebillytee,SenSchumer,1,aoc,True,False
theebillytee,SenateDems,1,aoc,True,False
thegreatgig8,RiseoftheDalek,1,trump,True,True
thehahnsolo,CrummyMonk,1,trump,True,False
thehahnsolo,Gixian_X,2,trump,True,False
thehahnsolo,PDXenburg,1,trump,True,False
thehahnsolo,Shanna__Bylka,3,trump,True,False
thehahnsolo,grok,3,trump,True,True
thelast_say,45LVNancy,1,trump,True,False
thelast_say,CB618444,1,trump,True,False
thelast_say,DieHard45RG,1,trump,True,False
thelast_say,FireNewz,1,trump,True,False
thelast_say,GuntherEagleman,1,trump,True,False
thelast_say,KatTheHammer1,1,trump,True,False
thelast_say,ROCKONOHIO77,1,trump,True,False
thelast_say,RealHickory,1,trump,True,False
thelast_say,WizChadwick2,1,trump,True,False
thelast_say,beardvet,1,trump,True,False
thelast_say,dogspink3,1,trump,True,False
themessagerjude,LibertyCappy,1,trump,True,False
themostlysilent,BillyBaldwin,1,trump,True,False
themostlysilent,GuntherEagleman,1,trump,True,False
themostlysilent,usapatriot_mt,1,trump,True,False
themrs805,TkMelly,1,trump,True,False
thenumbertrader,PeacenMEast,1,trump,True,False
theo_gogh1,SenateDems,1,aoc,True,False
theofficalgoob,mattvanswol,1,trump,True,False
theonlydarry,SenateDems,1,aoc,True,False
theoriginalamym,SenateDems,1,aoc,True,False
thepagangoddess,nuolilin,1,trump,True,False
theplushiestgod,RepFine,1,aoc,True,False
theplushiestgod,janinedigi,1,aoc,True,True
theplushiestgod,realMaalouf,1,aoc,True,False
therealkensand,SenateDems,1,aoc,True,False
thesecretvoice4,PurplePianoCat,1,trump,True,False
thesecretvoice4,TheRightMelissa,1,trump,True,False
thothcosmic,TheRightMelissa,9,trump,True,False
thothcosmic,chinchat09,1,trump,True,False
thothcosmic,pjk101408,9,trump,True,True
thotpoizn,SenateDems,1,aoc,True,False
tigermike74,Its_ereko,1,aoc,True,False
tillix,ahmadslmanx,1,trump,True,False
timoliver1414,KaizerNYC,1,aoc,True,True
timoliver1414,MZHemingway,1,aoc,True,False
timoliver1414,joshuarolson,1,aoc,True,False
timoliver1414,thecrussian,1,aoc,True,True
tjbama,F15Synch,1,trump,True,False
tjs0610,SenSchumer,2,aoc,True,False
tjs0610,SenateDems,1,aoc,True,False
tklo,TheImmortal007,1,trump,True,False
tlkmyshxt,chinchat09,1,trump,True,False
tmpka,GuntherEagleman,1,trump,True,False
tmpka,s_m_marandi,1,trump,True,False
tngirlygirl44,JonCovering,1,trump,True,False
tom10953,SenateDems,1,aoc,True,False
tom31999,SenateDems,1,aoc,True,False
tom_oleary,GuntherEagleman,1,aoc,True,False
tomashe79022,Minnesota_DHS,2,trump,True,False
tomashe79022,RuellBarbara,2,trump,True,False
toninousa,Emeliarjl,1,aoc,True,False
toninousa,RepFine,1,aoc,True,False
tonvej,Camilanieva09,1,trump,True,False
tonyj_x,saras76,1,aoc,True,False
toothpickcross,SenateDems,1,aoc,True,False
tootietoo10,SenateDems,1,aoc,True,False
town2772,SenateDems,1,aoc,True,False
toxicresidue,TheUnitedSpot__,1,aoc,True,True
tracymuscarella,SenateDems,2,aoc,True,False
traffenstedt,DianaforQueens,6,aoc,True,False
traffenstedt,teapartytempest,6,aoc,True,True
transientflannl,ChrisNyamabo,1,aoc,True,False
treefrog2,BlueATLGeorgia,1,trump,True,False
treefrog2,ctrandolph,1,trump,True,False
treefrog2,frenci46,1,trump,True,True
trippytrinyc,DianaforQueens,1,aoc,True,False
trippytrinyc,nycDSA,1,aoc,True,False
truemagavoice,thegreatgig8,1,trump,True,True
trumpsbugle,DianaforQueens,1,aoc,True,False
trythinkin71036,mmpadellan,1,trump,True,False
tw_ijat,CrazyVibes_1,1,trump,True,False
tweem,PumpDotFunGuy,1,aoc,True,False
tweetjunk15,DHSgov,1,aoc,True,False
tweetjunk15,RapidResponse47,1,aoc,True,False
tweetjunk15,SenateDems,1,aoc,True,False
twuntastical,Yemenimilitary,2,trump,True,False
twuntastical,h4al4nd,2,trump,True,False
tyee_ttt,StoneJAlex,1,trump,True,False
tyrger37,Cryptorockstar,1,aoc,True,False
tyrger37,HighbeeNation1,1,aoc,True,False
ucienemk,SenateDems,1,aoc,True,False
unclesmokey314,SecuEgy,1,trump,True,False
unclesmokey314,sachin31782,1,trump,True,False
unclesmokey314,vibrantbeauty7,1,trump,True,False
unidreamjp,Torao_star,1,trump,True,False
unidreamjp,VO3y1JDeII90197,1,trump,True,False
unidreamjp,qmap17eri,1,trump,True,False
unigrampa,SenateDems,1,aoc,True,False
untamedfarmgirl,SenateDems,2,aoc,True,False
untiltomorrow24,SenateDems,1,aoc,True,False
unwireme,SenateDems,1,aoc,True,False
uriahshonor,Londa_McMahon,1,trump,True,False
uriahshonor,RepKeithSelf,1,trump,True,False
uriahshonor,StephenM,1,trump,True,False
uriahshonor,yrnational,1,trump,True,False
urtracked365247,TaraBull808,1,trump,True,False
usma1982,SenateDems,1,aoc,True,False
v0nkeshler,allgoodmight,1,trump,True,True
v0nkeshler,grok,1,trump,True,True
v7Fqr2pC,PMM32601,1,aoc,True,True
varol_ergul,eedmbb_i,1,trump,True,False
vashon522,Acyn,1,aoc,True,False
vashon522,Digvija73188705,1,aoc,True,False
vashon522,Its_ereko,1,aoc,True,False
vashon522,JPicklebush,2,aoc,True,False
vashon522,JohnnyVomits,1,aoc,True,False
vashon522,JustinBrannan,1,aoc,True,False
vashon522,SMTUSCG,1,aoc,True,False
vashon522,Trader183242281,1,aoc,True,False
vashon522,fafowatch,3,aoc,True,False
vashon522,ikepower_,1,aoc,True,False
vashon522,liberalpuppy,1,aoc,True,False
vashon522,livingfree76,1,aoc,True,False
vashon522,mehdirhasan,1,aoc,True,False
vashon522,xonkd7,1,aoc,True,False
vengent,AmyxForCongress,1,trump,True,False
ver69319541,SimonaMangiante,1,trump,True,True
vihaugen,Somaliwarrior10,1,trump,True,False
vilardsoleimani,elonmusk,1,trump,True,False
vincent18196038,IDF,1,trump,True,False
vj1145,SenateDems,1,aoc,True,False
vjweiss,SenSchumer,1,aoc,True,False
vjweiss,SenateDems,1,aoc,True,False
wallaceleebrent,SenateDems,1,aoc,True,False
waynenj7,SenateDems,1,aoc,True,False
waynermarshall,MuellerSheWrote,1,aoc,True,False
web3george_,MrBeast,1,trump,True,False
web8799,DianaforQueens,1,aoc,True,False
web8799,SenateDems,1,aoc,True,False
weber865,TheRightMelissa,1,trump,True,False
wedoforgive,DianaforQueens,1,aoc,True,False
weeser1,DanieRugbyNews,1,trump,True,False
weeser1,FrankDangelo23,2,trump,True,True
weeser1,ShotDoc99,1,trump,True,False
weofodthegn,SenateDems,1,aoc,True,False
wetbalogna63,Benja_THFC,1,trump,True,False
wetbalogna63,RpsAgainstTrump,1,trump,True,False
wewereastar,Middle_Eastern0,1,trump,True,False
wewon2024haha,DravenNoctis,1,trump,True,False
wgedwards60,Acyn,1,aoc,True,False
wgedwards60,BillFeuer,1,aoc,True,False
wgedwards60,GuntherEagleman,1,aoc,True,False
wgedwards60,JustinBrannan,1,aoc,True,False
wheretheball97,CoinFlipperDude,1,aoc,True,False
wheretheball97,Vjinxvalentine,1,aoc,True,False
wheretheball97,nukkinfuttzz29,1,aoc,True,False
whiteolivesyack,MuellerSheWrote,1,aoc,True,False
whoknowsll81294,DianaforQueens,1,aoc,True,False
whoknowsll81294,FroemelAndy,1,aoc,True,False
whoopfrog,ChefjparkJohn,1,aoc,True,False
whoopfrog,JohnnyVomits,2,aoc,True,False
whoopfrog,jemplayer42,1,aoc,True,False
whoopfrog,mehdirhasan,2,aoc,True,False
whynot111110,BrilynHollyhand,1,trump,True,False
whynot111110,spaacingout,1,trump,True,True
willhlt69,SenateDems,1,aoc,True,False
winstonsmith843,LaLaylaGirl,1,aoc,True,False
wizardzenn,TellerYT,1,trump,True,False
wonder_womyn72,Aku_700,1,trump,True,False
wonder_womyn72,GreenMtnRising,1,trump,True,False
woodtick009,NateForUtah,1,aoc,True,False
workathome102,HRH_SHP,1,aoc,True,True
workathome102,SenSchumer,1,aoc,True,False
workathome102,SenateDems,2,aoc,True,False
workathome102,lowtempo,1,aoc,True,False
worldphotogoat,grok,3,trump,True,True
worldunfolded_,Ash_And18,1,trump,True,False
worldwildlife13,StephenM,1,trump,True,False
wtriay8,SenateDems,1,aoc,True,False
xIsraelExposedx,DanielleChown,6,trump,True,False
xIsraelExposedx,HaojieX9588,6,trump,True,True
xIsraelExposedx,cathynumber5,6,trump,True,True
xSilentJay3227x,Broda_web4,3,aoc,True,False
xSilentJay3227x,bknfredny,3,aoc,True,True
xXBROKENXx1981,Engineer_Hasn,3,aoc,True,True
xXBROKENXx1981,naomi_x_nada,1,aoc,True,True
xXBROKENXx1981,realMaalouf,4,aoc,True,False
xavie_javier,SenateDems,1,aoc,True,False
xplosiveraectiv,Yemenimilitary,10,trump,True,False
xxxristina423,Magadogmommy,3,aoc,True,True
xxxristina423,TTP2502,3,aoc,True,True
xxxxxxvine,PeterObi,1,trump,True,False
y5fzx,A7medSamir100,1,aoc,True,False
y5fzx,DresslerRob78,1,aoc,True,False
y5fzx,ValentinaForUSA,1,aoc,True,False
y_monsoon,Out5p0ken,4,trump,True,True
y_monsoon,SharonJ03626335,4,trump,True,True
y_monsoon,grok,4,trump,True,True
yaroslava_benko,POTUS,1,trump,True,False
yep_itsLaura,mattvanswol,1,aoc,True,False
yi_ji25287,qmap17eri,1,trump,True,False
ynotjam71,LauraLoomer,1,aoc,True,False
yosman2992,AustinCappsMO,1,aoc,True,False
yosman2992,SenateDems,2,aoc,True,False
yourave16628169,Firekraker72,1,aoc,True,False
yourave16628169,FlzMichael,1,aoc,True,False
yourave16628169,SenateDems,1,aoc,True,False
zacharypennewe1,Yemenimilitary,3,trump,True,False
zalewski595122,wemeki_ling,1,trump,True,False
zeekermanz,grok,1,trump,True,True
zeekhankhogyani,grok,1,trump,True,True
zegnabu,grok,1,trump,True,True
zemlockdani,SenateDems,1,aoc,True,False
zig43854999,CoinFlipperDude,1,aoc,True,False
zig43854999,SenateDems,2,aoc,True,False
zmc332,DianaforQueens,1,aoc,True,False
zunran,DianaforQueens,1,aoc,True,False
zxinlont,SenateDems,1,aoc,True,False
